DEPTH,CALI,DRHO,NPHI,PEF,RT,KLOGH,PHIF,VSH
3575,8.648,0.069,0.252,6.823,1.96,0.001,0.087,0.773
3575.1,8.648,0.07,0.254,6.81,1.914,0.001,0.088,0.742
3575.2,8.672,0.067,0.253,6.825,1.775,0.001,0.09,0.74
3575.3,8.672,0.062,0.248,6.841,1.766,0.001,0.092,0.758
3575.4,8.672,0.059,0.243,6.857,1.75,0.001,0.092,0.778
3575.5,8.672,0.057,0.24,6.873,1.745,0.001,0.09,0.769
3575.6,8.672,0.059,0.238,6.883,1.741,0.001,0.087,0.773
3575.7,8.672,0.061,0.238,6.891,1.768,0.001,0.084,0.772
3575.8,8.672,0.06,0.239,6.895,1.783,0.001,0.085,0.757
3575.9,8.672,0.055,0.239,6.901,1.702,0.001,0.087,0.766
3576,8.672,0.05,0.237,6.899,1.616,0.001,0.087,0.76
3576.1,8.672,0.049,0.236,6.885,1.639,0.001,0.082,0.767
3576.2,8.672,0.055,0.238,6.851,1.626,0.001,0.075,0.766
3576.3,8.672,0.062,0.243,6.807,1.574,0.001,0.07,0.766
3576.4,8.672,0.065,0.248,6.78,1.559,0.001,0.073,0.775
3576.5,8.672,0.065,0.253,6.788,1.581,0.001,0.079,0.77
3576.6,8.672,0.062,0.258,6.823,1.61,0.001,0.085,0.786
3576.7,8.672,0.061,0.262,6.859,1.615,0.001,0.087,0.812
3576.8,8.672,0.061,0.266,6.872,1.6,0.001,0.086,0.823
3576.9,8.672,0.06,0.269,6.874,1.581,0.001,0.086,0.86
3577,8.672,0.06,0.269,6.876,1.596,0.001,0.086,0.863
3577.1,8.672,0.062,0.265,6.876,1.568,0.001,0.088,0.846
3577.2,8.672,0.063,0.26,6.857,1.529,0.001,0.09,0.839
3577.3,8.672,0.062,0.259,6.814,1.539,0.001,0.092,0.803
3577.4,8.672,0.061,0.262,6.76,1.562,0.001,0.096,0.818
3577.5,8.672,0.059,0.265,6.716,1.598,0.001,0.099,0.829
3577.6,8.672,0.058,0.266,6.698,1.617,0.001,0.101,0.82
3577.7,8.672,0.058,0.266,6.707,1.593,0.001,0.1,0.815
3577.8,8.672,0.06,0.264,6.715,1.579,0.001,0.098,0.821
3577.9,8.625,0.061,0.264,6.701,1.551,0.001,0.096,0.809
3578,8.625,0.062,0.262,6.678,1.542,0.001,0.095,0.786
3578.1,8.625,0.061,0.261,6.694,1.56,0.001,0.096,0.791
3578.2,8.625,0.059,0.262,6.776,1.589,0.001,0.099,0.772
3578.3,8.625,0.058,0.263,6.885,1.579,0.001,0.101,0.776
3578.4,8.672,0.058,0.262,6.968,1.57,0.001,0.101,0.782
3578.5,8.672,0.059,0.264,6.996,1.586,0.001,0.1,0.775
3578.6,8.672,0.061,0.267,6.968,1.627,0.001,0.097,0.777
3578.7,8.672,0.061,0.267,6.919,1.659,0.001,0.095,0.771
3578.8,8.672,0.058,0.265,6.88,1.682,0.001,0.095,0.776
3578.9,8.672,0.055,0.258,6.858,1.746,0.001,0.094,0.754
3579,8.672,0.052,0.249,6.849,1.815,0.001,0.091,0.754
3579.1,8.672,0.05,0.239,6.863,1.855,0.001,0.086,0.751
3579.2,8.672,0.05,0.231,6.906,1.797,0.001,0.078,0.734
3579.3,8.672,0.053,0.227,6.961,1.741,0.001,0.071,0.714
3579.4,8.672,0.058,0.226,7.007,1.698,0.001,0.066,0.721
3579.5,8.672,0.062,0.227,7.031,1.67,0.001,0.065,0.734
3579.6,8.672,0.065,0.228,7.039,1.594,0.001,0.066,0.793
3579.7,8.672,0.065,0.228,7.043,1.495,0.001,0.069,0.828
3579.8,8.648,0.063,0.231,7.044,1.487,0.001,0.072,0.818
3579.9,8.625,0.06,0.232,7.041,1.477,0.001,0.073,0.806
3580,8.648,0.058,0.233,7.023,1.466,0.001,0.075,0.811
3580.1,8.672,0.056,0.231,6.996,1.42,0.001,0.075,0.821
3580.2,8.672,0.055,0.234,6.97,1.39,0.001,0.075,0.825
3580.3,8.672,0.056,0.24,6.958,1.413,0.001,0.074,0.815
3580.4,8.672,0.06,0.247,6.964,1.33,0.001,0.071,0.82
3580.5,8.672,0.064,0.252,6.978,1.246,0.001,0.069,0.83
3580.6,8.672,0.066,0.255,6.986,1.267,0.001,0.07,0.812
3580.7,8.672,0.065,0.254,6.985,1.399,0.001,0.074,0.812
3580.8,8.672,0.062,0.252,6.975,1.529,0.001,0.078,0.807
3580.9,8.672,0.06,0.249,6.958,1.698,0.001,0.081,0.802
3581,8.625,0.059,0.248,6.939,1.678,0.001,0.081,0.795
3581.1,8.625,0.06,0.242,6.918,1.69,0.001,0.078,0.792
3581.2,8.648,0.061,0.242,6.878,1.646,0.001,0.075,0.792
3581.3,8.625,0.062,0.239,6.814,1.575,0.001,0.073,0.783
3581.4,8.625,0.063,0.237,6.744,1.512,0.001,0.071,0.788
3581.5,8.625,0.065,0.239,6.701,1.344,0.001,0.07,0.783
3581.6,8.625,0.068,0.247,6.703,1.185,0.001,0.071,0.778
3581.7,8.625,0.069,0.257,6.737,1.313,0.001,0.074,0.779
3581.8,8.625,0.067,0.263,6.786,1.48,0.001,0.08,0.765
3581.9,8.648,0.063,0.261,6.839,1.518,0.001,0.087,0.758
3582,8.672,0.06,0.259,6.889,1.498,0.001,0.091,0.746
3582.1,8.672,0.059,0.256,6.933,1.502,0.001,0.092,0.734
3582.2,8.672,0.061,0.251,6.983,1.559,0.001,0.089,0.695
3582.3,8.648,0.064,0.244,7.06,1.782,0.001,0.083,0.626
3582.4,8.672,0.065,0.231,7.179,1.909,0.004,0.076,0.561
3582.5,8.688,0.06,0.214,7.349,2.164,0.007,0.068,0.525
3582.6,8.75,0.051,0.196,7.566,2.221,0.005,0.059,0.53
3582.7,8.672,0.042,0.191,7.795,2.182,0.001,0.045,0.603
3582.8,8.672,0.043,0.19,7.967,2.045,0.001,0.025,0.723
3582.9,8.672,0.053,0.199,8.02,1.648,0.001,0.003,0.807
3583,8.625,0.07,0.22,7.965,1.488,0.001,0.01,0.84
3583.1,8.625,0.083,0.243,7.866,1.415,0.001,0.028,0.796
3583.2,8.625,0.089,0.266,7.786,1.511,0.001,0.042,0.779
3583.3,8.648,0.086,0.28,7.729,1.609,0.001,0.051,0.775
3583.4,8.625,0.08,0.289,7.647,1.61,0.001,0.057,0.761
3583.5,8.672,0.074,0.282,7.508,1.592,0.001,0.062,0.75
3583.6,8.625,0.071,0.277,7.324,1.565,0.001,0.068,0.749
3583.7,8.625,0.072,0.269,7.141,1.474,0.001,0.071,0.725
3583.8,8.672,0.073,0.264,7.008,1.333,0.001,0.069,0.724
3583.9,8.672,0.07,0.264,6.967,1.106,0.001,0.059,0.786
3584,8.625,0.062,0.268,7.078,1.184,0.001,0.039,0.818
3584.1,8.625,0.046,0.269,7.393,1.423,0.001,0.014,0.869
3584.2,8.625,0.029,0.268,7.866,1.81,0.001,0.003,0.998
3584.3,8.648,0.023,0.263,8.295,1.805,0.001,0.033,1
3584.4,8.672,0.035,0.263,8.434,1.57,0.001,0.065,1
3584.5,8.672,0.062,0.268,8.214,1.531,0.001,0.086,1
3584.6,8.625,0.09,0.278,7.764,1.529,0.001,0.097,0.928
3584.7,8.648,0.104,0.28,7.278,1.561,0.001,0.101,0.822
3584.8,8.672,0.099,0.281,6.885,1.578,0.001,0.103,0.752
3584.9,8.672,0.085,0.279,6.631,1.563,0.001,0.103,0.714
3585,8.672,0.073,0.276,6.499,1.505,0.001,0.104,0.656
3585.1,8.672,0.066,0.273,6.466,1.372,0.002,0.105,0.623
3585.2,8.672,0.063,0.27,6.515,1.205,0.003,0.106,0.593
3585.3,8.672,0.062,0.269,6.628,1.069,0.005,0.107,0.574
3585.4,8.672,0.062,0.27,6.804,1.037,0.006,0.107,0.565
3585.5,8.648,0.063,0.276,7.014,1.064,0.006,0.106,0.563
3585.6,8.672,0.063,0.277,7.215,1.087,0.006,0.106,0.566
3585.7,8.672,0.062,0.278,7.378,1.079,0.004,0.11,0.585
3585.8,8.672,0.061,0.276,7.493,1.037,0.007,0.118,0.564
3585.9,8.672,0.061,0.27,7.542,0.937,0.01,0.128,0.558
3586,8.703,0.065,0.258,7.473,0.866,0.012,0.136,0.556
3586.1,8.687,0.071,0.248,7.271,0.855,0.025,0.139,0.523
3586.2,8.672,0.077,0.237,6.994,0.925,0.043,0.135,0.494
3586.3,8.672,0.078,0.231,6.741,1.013,0.036,0.125,0.493
3586.4,8.672,0.072,0.23,6.621,1.044,0.031,0.112,0.49
3586.5,8.672,0.062,0.233,6.67,1.07,0.047,0.101,0.46
3586.6,8.672,0.053,0.236,6.842,1.027,0.065,0.098,0.441
3586.7,8.672,0.048,0.237,7.059,0.856,0.11,0.1,0.418
3586.8,8.703,0.048,0.234,7.246,0.803,0.31,0.1,0.368
3586.9,8.703,0.055,0.23,7.326,0.821,0.644,0.092,0.326
3587,8.703,0.064,0.223,7.272,0.769,0.678,0.08,0.312
3587.1,8.687,0.069,0.217,7.136,0.822,0.716,0.069,0.3
3587.2,8.672,0.068,0.211,7.019,0.978,0.684,0.065,0.298
3587.3,8.703,0.065,0.205,7.006,0.947,0.83,0.063,0.287
3587.4,8.688,0.064,0.203,7.101,0.876,0.517,0.06,0.308
3587.5,8.703,0.066,0.204,7.252,0.828,0.463,0.056,0.31
3587.6,8.703,0.066,0.209,7.429,0.823,0.68,0.054,0.289
3587.7,8.703,0.06,0.216,7.619,0.895,0.864,0.054,0.278
3587.8,8.687,0.056,0.223,7.784,0.983,0.823,0.056,0.281
3587.9,8.672,0.058,0.222,7.872,1.056,0.841,0.06,0.284
3588,8.672,0.065,0.22,7.889,1.041,1.111,0.068,0.277
3588.1,8.688,0.071,0.218,7.904,0.993,1.159,0.08,0.286
3588.2,8.703,0.073,0.22,7.949,0.932,1.873,0.095,0.277
3588.3,8.672,0.075,0.225,7.964,0.867,2.502,0.109,0.275
3588.4,8.672,0.08,0.224,7.858,0.752,2.968,0.116,0.273
3588.5,8.672,0.085,0.221,7.623,0.763,3.685,0.118,0.264
3588.6,8.672,0.084,0.218,7.367,0.785,2.569,0.116,0.28
3588.7,8.672,0.077,0.214,7.21,0.787,1.991,0.113,0.29
3588.8,8.672,0.067,0.21,7.182,0.791,1.952,0.109,0.287
3588.9,8.687,0.061,0.204,7.212,0.788,2.178,0.102,0.275
3589,8.672,0.06,0.2,7.222,0.792,2.215,0.09,0.264
3589.1,8.672,0.062,0.195,7.217,0.795,1.371,0.074,0.272
3589.2,8.688,0.062,0.186,7.232,0.853,0.839,0.056,0.281
3589.3,8.703,0.058,0.178,7.289,1.007,0.511,0.042,0.292
3589.4,8.703,0.053,0.172,7.408,1.2,0.296,0.031,0.308
3589.5,8.672,0.051,0.172,7.604,1.446,0.151,0.02,0.332
3589.6,8.703,0.052,0.174,7.878,1.713,0.057,0.008,0.368
3589.7,8.727,0.055,0.186,8.201,1.612,0.002,0.001,0.511
3589.8,8.687,0.056,0.206,8.536,1.443,0.002,0.003,0.517
3589.9,8.672,0.052,0.226,8.848,1.302,0.002,0.008,0.527
3590,8.672,0.047,0.245,9.085,1.358,0.002,0.018,0.549
3590.1,8.672,0.043,0.259,9.217,1.421,0.003,0.033,0.529
3590.2,8.672,0.041,0.268,9.291,1.505,0.006,0.046,0.509
3590.3,8.703,0.038,0.27,9.436,1.499,0.013,0.056,0.481
3590.4,8.672,0.032,0.273,9.768,1.36,0.228,0.056,0.343
3590.5,8.672,0.025,0.275,10.233,1.562,0.866,0.064,0.286
3590.6,8.672,0.021,0.281,10.67,1.598,3.871,0.073,0.222
3590.7,8.648,0.025,0.296,10.976,1.807,15.103,0.083,0.166
3590.8,8.648,0.035,0.311,11.154,2.105,35.635,0.095,0.134
3590.9,8.672,0.046,0.33,11.25,1.524,57.386,0.109,0.123
3591,8.672,0.051,0.347,11.3,0.896,150.101,0.152,0.116
3591.1,8.672,0.049,0.358,11.323,0.407,188.226,0.159,0.111
3591.2,8.672,0.045,0.363,11.342,0.295,222.872,0.165,0.108
3591.3,8.672,0.048,0.367,11.377,0.212,283.576,0.169,0.1
3591.4,8.672,0.057,0.374,11.436,0.484,298.477,0.176,0.104
3591.5,8.672,0.066,0.384,11.503,1.301,384.584,0.188,0.102
3591.6,8.688,0.068,0.391,11.561,1.47,441.018,0.198,0.104
3591.7,8.703,0.061,0.396,11.617,1.176,548.317,0.203,0.098
3591.8,8.672,0.05,0.397,11.704,0.832,742.307,0.203,0.083
3591.9,8.648,0.044,0.396,11.82,0.806,790.457,0.197,0.075
3592,8.672,0.048,0.396,11.879,0.815,551.97,0.186,0.083
3592.1,8.672,0.06,0.395,11.786,0.83,486.548,0.174,0.079
3592.2,8.688,0.07,0.388,11.515,0.911,434.922,0.164,0.075
3592.3,8.703,0.074,0.376,11.141,0.973,343.199,0.158,0.08
3592.4,8.672,0.076,0.359,10.777,1.179,289.707,0.151,0.083
3592.5,8.672,0.078,0.342,10.413,1.137,301.801,0.146,0.076
3592.6,8.672,0.079,0.324,10.058,1.086,392.038,0.138,0.056
3592.7,8.672,0.074,0.31,9.767,1.035,369.633,0.128,0.05
3592.8,8.672,0.061,0.297,9.678,1.019,303.5,0.116,0.05
3592.9,8.672,0.044,0.288,9.864,1.064,227.833,0.104,0.053
3593,8.703,0.036,0.284,10.163,1.172,156.104,0.097,0.064
3593.1,8.688,0.041,0.29,10.287,1.266,124.152,0.091,0.071
3593.2,8.703,0.057,0.292,10.074,1.417,93.39,0.089,0.082
3593.3,8.687,0.075,0.295,9.577,1.529,75.401,0.087,0.091
3593.4,8.672,0.089,0.294,9.001,1.662,69.224,0.086,0.094
3593.5,8.672,0.094,0.291,8.549,1.965,55.856,0.086,0.104
3593.6,8.672,0.091,0.289,8.307,2.53,47.814,0.08,0.107
3593.7,8.672,0.083,0.291,8.241,3.248,40.519,0.079,0.114
3593.8,8.672,0.073,0.295,8.266,3.872,38.061,0.081,0.119
3593.9,8.672,0.069,0.295,8.274,4.737,38.221,0.084,0.121
3594,8.672,0.071,0.29,8.198,5.481,41.317,0.086,0.12
3594.1,8.672,0.073,0.28,8.084,5.623,40.295,0.09,0.124
3594.2,8.687,0.071,0.269,8,6.322,46.271,0.094,0.121
3594.3,8.672,0.064,0.263,7.969,7.16,51.984,0.097,0.118
3594.4,8.687,0.057,0.255,7.95,7.504,49.069,0.1,0.123
3594.5,8.672,0.056,0.245,7.891,7.502,45.384,0.101,0.128
3594.6,8.672,0.057,0.23,7.81,7.286,51.348,0.102,0.123
3594.7,8.672,0.059,0.212,7.733,9.203,46.978,0.102,0.127
3594.8,8.672,0.06,0.194,7.653,13.707,50.736,0.102,0.124
3594.9,8.672,0.061,0.182,7.556,15.15,44.419,0.103,0.131
3595,8.672,0.06,0.175,7.448,13.737,35.699,0.104,0.142
3595.1,8.672,0.056,0.173,7.323,11.758,24.804,0.106,0.162
3595.2,8.672,0.053,0.173,7.137,11.467,27.722,0.109,0.159
3595.3,8.672,0.054,0.173,6.869,12.998,42.949,0.114,0.142
3595.4,8.672,0.059,0.174,6.537,20.975,44.97,0.121,0.146
3595.5,8.672,0.066,0.174,6.21,27.988,37.224,0.128,0.161
3595.6,8.672,0.072,0.174,5.933,19.063,42.873,0.132,0.158
3595.7,8.648,0.075,0.175,5.728,17.51,58.552,0.132,0.143
3595.8,8.625,0.07,0.169,5.606,18.557,62.876,0.129,0.137
3595.9,8.625,0.061,0.16,5.55,16.88,57.344,0.126,0.139
3596,8.625,0.051,0.149,5.535,16.773,48.293,0.125,0.146
3596.1,8.625,0.041,0.138,5.554,18.18,46.74,0.127,0.15
3596.2,8.625,0.035,0.131,5.608,18.107,74.502,0.131,0.131
3596.3,8.625,0.035,0.127,5.692,17.901,96.765,0.134,0.121
3596.4,8.625,0.039,0.125,5.787,18.589,82.541,0.137,0.131
3596.5,8.625,0.043,0.123,5.872,19.828,63.543,0.14,0.146
3596.6,8.648,0.045,0.117,5.928,20.918,72.258,0.14,0.14
3596.7,8.625,0.046,0.114,5.969,21.998,67.453,0.139,0.143
3596.8,8.625,0.045,0.107,6.034,22.313,58.095,0.141,0.151
3596.9,8.625,0.042,0.1,6.147,22.251,50.036,0.142,0.16
3597,8.625,0.041,0.095,6.293,22.902,63.313,0.147,0.153
3597.1,8.672,0.042,0.09,6.409,23.433,80.936,0.153,0.146
3597.2,8.672,0.048,0.094,6.449,23.052,98.548,0.159,0.142
3597.3,8.625,0.054,0.096,6.432,22.114,192.079,0.163,0.113
3597.4,8.625,0.057,0.097,6.407,20.872,353.187,0.165,0.086
3597.5,8.672,0.055,0.093,6.416,19.001,403.985,0.167,0.081
3597.6,8.672,0.054,0.092,6.462,14.992,439.368,0.171,0.081
3597.7,8.672,0.057,0.098,6.52,12.31,429.696,0.177,0.087
3597.8,8.672,0.063,0.092,6.555,10.559,497.956,0.185,0.087
3597.9,8.672,0.07,0.094,6.563,9.761,454.963,0.192,0.098
3598,8.648,0.072,0.099,6.549,8.289,370.128,0.198,0.112
3598.1,8.625,0.069,0.1,6.515,6.97,253.011,0.201,0.134
3598.2,8.625,0.065,0.098,6.461,6.24,186.417,0.202,0.15
3598.3,8.672,0.062,0.1,6.387,5.775,117.783,0.203,0.172
3598.4,8.648,0.062,0.105,6.308,5.565,86.577,0.206,0.19
3598.5,8.625,0.062,0.108,6.249,5.461,53.685,0.208,0.215
3598.6,8.625,0.063,0.11,6.223,5.393,32.122,0.209,0.241
3598.7,8.625,0.062,0.112,6.235,5.344,16.413,0.209,0.273
3598.8,8.625,0.062,0.115,6.274,5.202,7.844,0.208,0.308
3598.9,8.625,0.063,0.118,6.329,5.074,6.306,0.208,0.318
3599,8.648,0.064,0.119,6.374,4.987,6.364,0.211,0.32
3599.1,8.625,0.065,0.12,6.38,4.863,9.598,0.213,0.302
3599.2,8.625,0.066,0.119,6.338,4.79,17.494,0.218,0.278
3599.3,8.625,0.068,0.12,6.285,4.711,30.13,0.223,0.256
3599.4,8.625,0.071,0.12,6.258,4.571,29.119,0.228,0.262
3599.5,8.625,0.073,0.121,6.257,4.424,29.284,0.232,0.266
3599.6,8.625,0.072,0.122,6.256,4.397,28.952,0.235,0.268
3599.7,8.625,0.065,0.123,6.24,4.479,22.143,0.233,0.28
3599.8,8.625,0.057,0.125,6.226,4.476,7.814,0.224,0.322
3599.9,8.625,0.052,0.126,6.232,4.451,2.794,0.206,0.355
3600,8.625,0.053,0.126,6.248,4.444,0.966,0.184,0.387
3600.1,8.625,0.058,0.128,6.257,4.561,0.439,0.165,0.409
3600.2,8.625,0.063,0.13,6.239,4.575,0.267,0.159,0.427
3600.3,8.625,0.065,0.135,6.197,4.074,0.367,0.165,0.417
3600.4,8.625,0.063,0.14,6.151,3.863,0.643,0.177,0.401
3600.5,8.672,0.06,0.143,6.13,4.075,0.775,0.187,0.401
3600.6,8.648,0.059,0.146,6.134,4.184,0.912,0.193,0.398
3600.7,8.625,0.058,0.148,6.139,4.062,0.844,0.193,0.402
3600.8,8.625,0.059,0.143,6.129,4.029,0.886,0.191,0.398
3600.9,8.625,0.06,0.138,6.104,4.26,0.813,0.188,0.399
3601,8.625,0.063,0.138,6.067,4.269,1.13,0.185,0.38
3601.1,8.625,0.066,0.14,6.009,4.285,0.701,0.139,0.363
3601.2,8.625,0.066,0.144,5.909,4.443,0.967,0.127,0.337
3601.3,8.625,0.064,0.146,5.78,4.949,2.023,0.117,0.292
3601.4,8.625,0.059,0.147,5.666,5.801,3.986,0.11,0.253
3601.5,8.625,0.054,0.148,5.612,6.34,5.822,0.105,0.231
3601.6,8.625,0.054,0.15,5.613,6.713,8.605,0.102,0.209
3601.7,8.625,0.057,0.154,5.626,7.412,7.506,0.1,0.214
3601.8,8.625,0.062,0.158,5.618,7.955,5.825,0.097,0.223
3601.9,8.625,0.067,0.161,5.578,7.648,5.805,0.091,0.219
3602,8.625,0.067,0.162,5.525,7.213,5.736,0.085,0.213
3602.1,8.625,0.065,0.161,5.475,7.092,5.892,0.079,0.206
3602.2,8.625,0.061,0.16,5.432,7.171,7.791,0.075,0.19
3602.3,8.625,0.057,0.159,5.392,6.874,9.367,0.077,0.183
3602.4,8.625,0.054,0.158,5.339,6.484,13.106,0.088,0.177
3602.5,8.625,0.053,0.158,5.264,6.351,22.964,0.108,0.167
3602.6,8.602,0.051,0.162,5.235,6.263,41.301,0.132,0.16
3602.7,8.625,0.05,0.161,5.233,6.099,87.089,0.186,0.172
3602.8,8.625,0.05,0.163,5.227,5.466,78.912,0.193,0.183
3602.9,8.625,0.051,0.164,5.214,4.786,58.013,0.191,0.197
3603,8.625,0.052,0.164,5.208,3.687,28.923,0.189,0.228
3603.1,8.625,0.053,0.165,5.231,2.921,15.934,0.19,0.257
3603.2,8.602,0.054,0.169,5.292,2.341,11.299,0.198,0.281
3603.3,8.625,0.054,0.17,5.368,2.419,13.401,0.211,0.285
3603.4,8.625,0.055,0.176,5.413,2.873,17.135,0.225,0.285
3603.5,8.625,0.056,0.184,5.391,3.624,19.735,0.233,0.285
3603.6,8.602,0.056,0.191,5.312,4.083,21.375,0.237,0.285
3603.7,8.602,0.053,0.197,5.233,4.333,26.677,0.24,0.277
3603.8,8.625,0.046,0.202,5.247,4.413,26.469,0.242,0.279
3603.9,8.625,0.036,0.205,5.403,3.877,25.79,0.244,0.283
3604,8.625,0.028,0.203,5.676,2.898,23.206,0.242,0.285
3604.1,8.625,0.029,0.196,5.957,2.61,18.978,0.235,0.289
3604.2,8.625,0.044,0.186,6.103,2.455,8.437,0.226,0.32
3604.3,8.648,0.068,0.175,6.046,2.21,4.011,0.219,0.35
3604.4,8.672,0.087,0.173,5.842,1.562,2.297,0.216,0.374
3604.5,8.625,0.092,0.177,5.611,1.458,1.853,0.219,0.387
3604.6,8.625,0.082,0.18,5.461,1.528,2.511,0.224,0.377
3604.7,8.625,0.065,0.18,5.442,1.556,2.318,0.229,0.385
3604.8,8.625,0.05,0.18,5.545,1.439,0.06,0.23,0.562
3604.9,8.672,0.042,0.178,5.707,1.491,0.063,0.228,0.558
3605,8.672,0.04,0.183,5.863,1.563,0.047,0.221,0.566
3605.1,8.672,0.042,0.192,5.976,1.631,0.058,0.212,0.548
3605.2,8.625,0.046,0.205,6.048,1.724,0.027,0.157,0.535
3605.3,8.625,0.05,0.214,6.11,1.93,0.024,0.132,0.519
3605.4,8.648,0.054,0.215,6.194,2,0.016,0.105,0.516
3605.5,8.625,0.058,0.216,6.298,1.866,0.014,0.08,0.5
3605.6,8.648,0.061,0.206,6.387,1.439,0.012,0.059,0.488
3605.7,8.672,0.062,0.199,6.436,1.739,0.006,0.046,0.507
3605.8,8.672,0.062,0.193,6.451,3.263,0.003,0.044,0.536
3605.9,8.672,0.06,0.189,6.461,3.258,0.003,0.055,0.556
3606,8.672,0.059,0.186,6.502,2.409,0.002,0.075,0.598
3606.1,8.703,0.059,0.185,6.579,1.879,0.002,0.097,0.613
3606.2,8.672,0.059,0.186,6.679,2.176,0.002,0.116,0.624
3606.3,8.672,0.061,0.189,6.781,3.261,0.002,0.129,0.637
3606.4,8.672,0.064,0.191,6.861,3.82,0.002,0.136,0.655
3606.5,8.672,0.072,0.193,6.882,4.439,0.001,0.14,0.678
3606.6,8.648,0.081,0.199,6.764,4.812,0.002,0.141,0.655
3606.7,8.625,0.086,0.203,6.513,4.959,0.002,0.141,0.638
3606.8,8.625,0.081,0.206,6.26,4.999,0.003,0.135,0.62
3606.9,8.625,0.067,0.207,6.16,5.073,0.005,0.123,0.589
3607,8.625,0.05,0.205,6.247,4.802,0.004,0.105,0.578
3607.1,8.648,0.043,0.198,6.363,4.349,0.001,0.086,0.62
3607.2,8.625,0.051,0.199,6.329,3.815,0,0.072,0.672
3607.3,8.625,0.065,0.199,6.142,3.722,0,0.069,0.736
3607.4,8.625,0.072,0.2,5.914,2.962,0,0.077,0.791
3607.5,8.625,0.069,0.201,5.743,2.342,0,0.089,0.785
3607.6,8.625,0.059,0.202,5.646,2.07,0,0.101,0.767
3607.7,8.625,0.053,0.203,5.581,1.877,0,0.111,0.706
3607.8,8.625,0.05,0.204,5.519,1.794,0.003,0.118,0.604
3607.9,8.625,0.049,0.205,5.446,1.75,0.033,0.126,0.499
3608,8.602,0.047,0.208,5.379,1.923,0.195,0.134,0.42
3608.1,8.602,0.043,0.214,5.372,1.949,0.535,0.138,0.375
3608.2,8.602,0.038,0.214,5.463,1.773,0.026,0.134,0.517
3608.3,8.625,0.035,0.215,5.621,1.412,0.028,0.124,0.505
3608.4,8.625,0.037,0.215,5.744,1.233,0.223,0.111,0.393
3608.5,8.625,0.045,0.216,5.77,1.256,1.446,0.1,0.294
3608.6,8.625,0.053,0.219,5.714,1.32,9.366,0.096,0.2
3608.7,8.625,0.057,0.223,5.643,1.034,38.995,0.099,0.133
3608.8,8.625,0.057,0.227,5.606,0.751,113.959,0.11,0.091
3608.9,8.625,0.054,0.23,5.601,0.756,743.946,0.161,0.046
3609,8.625,0.049,0.232,5.616,1.02,1214.754,0.171,0.032
3609.1,8.625,0.044,0.234,5.665,1.229,1671.006,0.182,0.026
3609.2,8.648,0.039,0.232,5.77,1.143,2393.07,0.19,0.016
3609.3,8.672,0.038,0.233,5.951,1.074,2934.975,0.197,0.012
3609.4,8.672,0.036,0.233,6.249,1.104,3334.153,0.202,0.01
3609.5,8.672,0.035,0.233,6.675,1.156,3149.906,0.208,0.019
3609.6,8.672,0.034,0.234,7.151,1.142,3655.986,0.213,0.016
3609.7,8.703,0.038,0.236,7.523,1.116,4345.949,0.216,0.01
3609.8,8.687,0.049,0.239,7.647,1.091,4294.014,0.218,0.012
3609.9,8.672,0.065,0.236,7.495,0.99,4231.437,0.217,0.012
3610,8.688,0.078,0.228,7.198,0.96,3982.949,0.214,0.013
3610.1,8.703,0.083,0.222,6.915,0.987,3763.505,0.211,0.012
3610.2,8.703,0.08,0.221,6.712,1.055,3619.543,0.208,0.012
3610.3,8.687,0.073,0.225,6.569,1.195,3518.153,0.208,0.013
3610.4,8.672,0.068,0.228,6.449,1.385,3146.123,0.21,0.02
3610.5,8.625,0.07,0.231,6.34,1.966,3081.72,0.213,0.023
3610.6,8.625,0.073,0.234,6.231,1.972,3421.717,0.214,0.02
3610.7,8.625,0.078,0.234,6.136,2.135,3213.114,0.216,0.025
3610.8,8.648,0.08,0.232,6.085,3.068,3011.274,0.215,0.027
3610.9,8.672,0.077,0.233,6.131,4.464,2659.247,0.214,0.032
3611,8.672,0.067,0.236,6.318,6.299,2556.404,0.213,0.033
3611.1,8.672,0.055,0.238,6.622,3.973,2785.674,0.212,0.028
3611.2,8.672,0.05,0.241,6.928,3.372,2828.227,0.212,0.027
3611.3,8.672,0.053,0.244,7.114,3.954,2844.544,0.212,0.027
3611.4,8.672,0.063,0.247,7.133,7.493,2672.165,0.212,0.03
3611.5,8.672,0.074,0.249,7.031,16.675,2211.274,0.209,0.037
3611.6,8.672,0.077,0.249,6.893,31.127,1959.258,0.206,0.04
3611.7,8.688,0.075,0.244,6.766,40.888,2100.036,0.203,0.033
3611.8,8.703,0.073,0.241,6.628,56.371,2213.979,0.202,0.03
3611.9,8.703,0.073,0.24,6.464,77.962,2159.604,0.204,0.034
3612,8.672,0.074,0.243,6.288,375.14,2337.43,0.209,0.034
3612.1,8.672,0.072,0.249,6.162,62228.035,2659.729,0.215,0.033
3612.2,8.672,0.063,0.256,6.145,31230.385,2898.191,0.221,0.034
3612.3,8.625,0.053,0.267,6.268,136.523,3444.52,0.226,0.03
3612.4,8.625,0.045,0.271,6.511,102.679,3712.36,0.23,0.03
3612.5,8.672,0.042,0.273,6.803,87.072,3472.761,0.232,0.035
3612.6,8.672,0.043,0.268,7.053,67.497,4230.447,0.234,0.027
3612.7,8.672,0.045,0.254,7.166,61.442,4788.867,0.236,0.023
3612.8,8.672,0.048,0.234,7.069,54.572,4488.263,0.24,0.03
3612.9,8.672,0.053,0.212,6.785,50.535,4788.101,0.243,0.029
3613,8.672,0.057,0.194,6.445,45.158,5252.464,0.245,0.026
3613.1,8.648,0.059,0.185,6.241,44.241,4882.944,0.245,0.03
3613.2,8.625,0.057,0.179,6.29,45.71,4643.028,0.246,0.034
3613.3,8.625,0.054,0.175,6.538,50.565,4525.781,0.248,0.036
3613.4,8.648,0.05,0.17,6.776,50.159,5490.575,0.25,0.029
3613.5,8.672,0.048,0.169,6.817,41.807,5720.049,0.25,0.027
3613.6,8.672,0.047,0.168,6.653,37.931,5805.086,0.251,0.027
3613.7,8.625,0.046,0.17,6.402,37.604,5436.332,0.249,0.028
3613.8,8.625,0.043,0.169,6.205,36.367,5036.417,0.246,0.03
3613.9,8.625,0.038,0.168,6.159,33.583,5105.209,0.243,0.026
3614,8.625,0.034,0.167,6.257,32.245,4426.674,0.24,0.03
3614.1,8.625,0.032,0.165,6.392,30.031,3922.944,0.237,0.034
3614.2,8.625,0.034,0.162,6.435,23.623,3497.242,0.233,0.036
3614.3,8.625,0.038,0.158,6.32,21.305,2248.829,0.227,0.052
3614.4,8.625,0.044,0.155,6.076,26.444,1334.074,0.217,0.068
3614.5,8.625,0.047,0.153,5.805,31.552,647.531,0.203,0.09
3614.6,8.625,0.048,0.154,5.607,21.834,233.963,0.186,0.125
3614.7,8.625,0.047,0.155,5.504,21.203,94.347,0.17,0.154
3614.8,8.625,0.045,0.157,5.47,26.704,35.442,0.155,0.188
3614.9,8.602,0.044,0.161,5.479,30.764,12.413,0.143,0.228
3615,8.625,0.044,0.161,5.521,33.991,2.156,0.096,0.27
3615.1,8.602,0.045,0.163,5.57,33.339,0.844,0.087,0.308
3615.2,8.625,0.045,0.164,5.589,21.928,0.646,0.085,0.319
3615.3,8.625,0.045,0.166,5.578,16.726,0.535,0.085,0.328
3615.4,8.625,0.044,0.168,5.579,14.479,0.497,0.086,0.332
3615.5,8.625,0.042,0.17,5.643,16.346,0.454,0.086,0.337
3615.6,8.625,0.041,0.171,5.77,23.061,0.581,0.088,0.327
3615.7,8.625,0.041,0.17,5.889,25.609,0.737,0.093,0.32
3615.8,8.625,0.044,0.166,5.927,29.942,1.134,0.102,0.306
3615.9,8.625,0.048,0.163,5.871,35.165,1.412,0.115,0.307
3616,8.625,0.052,0.16,5.761,34.168,6.097,0.165,0.282
3616.1,8.625,0.054,0.159,5.65,39.675,14.458,0.181,0.254
3616.2,8.625,0.053,0.159,5.565,44.703,25.858,0.197,0.241
3616.3,8.625,0.051,0.16,5.507,45.682,63.987,0.212,0.21
3616.4,8.625,0.048,0.163,5.469,46.66,158.999,0.225,0.177
3616.5,8.625,0.046,0.166,5.438,46.699,214.378,0.233,0.17
3616.6,8.602,0.046,0.171,5.402,46.737,244.454,0.237,0.168
3616.7,8.578,0.046,0.17,5.351,46.776,256.362,0.236,0.164
3616.8,8.578,0.046,0.169,5.292,46.815,223.223,0.232,0.167
3616.9,8.578,0.044,0.166,5.257,46.846,164.461,0.227,0.177
3617,8.625,0.04,0.168,5.285,46.878,153.891,0.222,0.176
3617.1,8.625,0.036,0.169,5.379,47.51,155.803,0.216,0.171
3617.2,8.625,0.035,0.169,5.49,48.251,142.779,0.214,0.173
3617.3,8.625,0.037,0.171,5.539,48.713,161.79,0.208,0.162
3617.4,8.625,0.04,0.174,5.5,49.019,174.693,0.203,0.154
3617.5,8.625,0.041,0.176,5.424,50.854,219.347,0.2,0.14
3617.6,8.625,0.038,0.177,5.405,51.73,389.551,0.199,0.111
3617.7,8.625,0.033,0.176,5.501,53.085,573.514,0.203,0.096
3617.8,8.602,0.028,0.178,5.688,55.397,881.362,0.211,0.083
3617.9,8.602,0.026,0.176,5.874,62.62,1377.073,0.221,0.069
3618,8.625,0.027,0.176,5.942,66.199,1738.511,0.228,0.065
3618.1,8.625,0.03,0.173,5.853,71.8,1825.87,0.232,0.066
3618.2,8.625,0.032,0.168,5.665,78.957,1892.375,0.233,0.065
3618.3,8.625,0.032,0.164,5.49,68.642,1686.905,0.232,0.07
3618.4,8.625,0.03,0.162,5.43,63.3,1769.465,0.229,0.065
3618.5,8.625,0.028,0.161,5.509,58.86,1703.655,0.226,0.064
3618.6,8.625,0.026,0.161,5.688,56.669,1894.963,0.224,0.058
3618.7,8.625,0.027,0.164,5.926,58.11,2066.611,0.224,0.053
3618.8,8.625,0.028,0.167,6.189,65.092,2099.137,0.226,0.054
3618.9,8.625,0.03,0.169,6.444,69.79,2137.498,0.228,0.055
3619,8.672,0.033,0.168,6.646,68.225,1986.044,0.229,0.06
3619.1,8.672,0.039,0.169,6.763,34.868,1800.151,0.229,0.064
3619.2,8.672,0.048,0.169,6.813,12.407,1739.687,0.229,0.065
3619.3,8.672,0.057,0.169,6.82,5.831,1747.723,0.227,0.064
3619.4,8.672,0.063,0.168,6.796,4.61,1798.967,0.226,0.062
3619.5,8.672,0.065,0.166,6.751,3.674,1917.074,0.225,0.058
3619.6,8.687,0.065,0.164,6.7,3.342,1787,0.225,0.061
3619.7,8.672,0.066,0.165,6.653,2.859,1948.864,0.227,0.058
3619.8,8.703,0.066,0.167,6.588,2.403,2141.024,0.23,0.057
3619.9,8.687,0.067,0.175,6.465,1.967,2185.006,0.232,0.057
3620,8.672,0.072,0.18,6.274,1.802,2161.206,0.232,0.058
3620.1,8.625,0.079,0.186,6.052,2.296,2070.394,0.23,0.058
3620.2,8.625,0.084,0.188,5.847,2.997,1815.37,0.228,0.063
3620.3,8.625,0.084,0.192,5.669,3.449,1945.663,0.227,0.058
3620.4,8.578,0.078,0.194,5.496,4,1805.656,0.226,0.061
3620.5,8.625,0.069,0.194,5.322,4.245,1863.693,0.227,0.06
3620.6,8.625,0.06,0.198,5.182,4.588,2062.145,0.228,0.056
3620.7,8.625,0.053,0.2,5.123,5.042,2079.795,0.228,0.057
3620.8,8.602,0.049,0.203,5.159,5.534,2355.371,0.228,0.051
3620.9,8.625,0.047,0.2,5.26,6.07,2384.967,0.229,0.05
3621,8.578,0.045,0.199,5.376,6.474,2089.536,0.23,0.058
3621.1,8.578,0.041,0.198,5.487,6.241,1997.663,0.235,0.064
3621.2,8.578,0.037,0.199,5.607,5.822,2387.827,0.238,0.059
3621.3,8.602,0.034,0.196,5.754,5.627,2690.331,0.242,0.056
3621.4,8.578,0.034,0.198,5.893,6.273,2855.602,0.244,0.055
3621.5,8.625,0.038,0.192,5.946,6.279,2226.615,0.245,0.068
3621.6,8.625,0.046,0.188,5.869,7.291,1659.225,0.243,0.081
3621.7,8.625,0.054,0.182,5.691,8.96,1560.166,0.239,0.08
3621.8,8.625,0.061,0.175,5.483,11.182,1450.814,0.234,0.079
3621.9,8.625,0.064,0.171,5.3,12.412,1178.145,0.227,0.083
3622,8.625,0.061,0.17,5.156,13.332,1088.569,0.221,0.081
3622.1,8.625,0.055,0.172,5.059,11.715,1034.863,0.216,0.079
3622.2,8.625,0.049,0.174,5.011,11.428,1122.094,0.214,0.074
3622.3,8.625,0.045,0.174,5,11.303,1347.345,0.216,0.066
3622.4,8.625,0.043,0.173,4.998,11.499,1512.061,0.218,0.062
3622.5,8.625,0.043,0.171,4.988,12.649,1292.085,0.216,0.068
3622.6,8.625,0.045,0.168,4.975,13.991,1000.056,0.207,0.073
3622.7,8.625,0.048,0.166,4.964,14.935,630.564,0.191,0.081
3622.8,8.625,0.05,0.164,4.958,16.005,386.382,0.168,0.084
3622.9,8.625,0.051,0.164,4.962,17.288,243.085,0.142,0.084
3623,8.625,0.049,0.166,4.988,17.733,153.413,0.122,0.088
3623.1,8.625,0.046,0.169,5.041,16.697,109.811,0.113,0.095
3623.2,8.625,0.042,0.172,5.11,16.2,75.162,0.11,0.112
3623.3,8.625,0.041,0.174,5.17,14.582,51.573,0.116,0.135
3623.4,8.625,0.041,0.174,5.19,13.35,25.966,0.124,0.175
3623.5,8.625,0.043,0.173,5.153,13.024,20.073,0.13,0.193
3623.6,8.625,0.047,0.172,5.072,15.47,10.908,0.131,0.224
3623.7,8.625,0.051,0.17,4.987,26.031,5.006,0.131,0.261
3623.8,8.672,0.052,0.166,4.936,28.935,5.157,0.131,0.259
3623.9,8.672,0.05,0.164,4.917,26.055,5.3,0.129,0.257
3624,8.672,0.046,0.163,4.901,24.769,5.613,0.13,0.254
3624.1,8.672,0.042,0.163,4.874,23.733,5.693,0.132,0.256
3624.2,8.672,0.041,0.162,4.856,23.357,7.911,0.137,0.244
3624.3,8.672,0.042,0.161,4.874,24.176,13.433,0.142,0.223
3624.4,8.648,0.044,0.162,4.934,26.276,26.136,0.146,0.195
3624.5,8.625,0.045,0.162,5.025,30.333,52.756,0.154,0.168
3624.6,8.625,0.045,0.162,5.109,28.295,110.393,0.165,0.141
3624.7,8.625,0.045,0.164,5.147,26.59,179.896,0.177,0.129
3624.8,8.625,0.045,0.166,5.127,26.325,182.646,0.188,0.138
3624.9,8.625,0.047,0.167,5.076,26.959,127.422,0.191,0.158
3625,8.625,0.049,0.167,5.022,27.994,55.712,0.186,0.194
3625.1,8.625,0.05,0.165,4.984,27.104,28.987,0.176,0.216
3625.2,8.625,0.049,0.164,4.969,25.829,15.359,0.161,0.233
3625.3,8.602,0.048,0.167,4.979,25.541,2.827,0.095,0.257
3625.4,8.578,0.047,0.172,4.997,24.685,0.993,0.06,0.276
3625.5,8.578,0.047,0.179,5.012,24.54,0.55,0.033,0.28
3625.6,8.625,0.044,0.184,5.046,27.813,0.549,0.023,0.272
3625.7,8.625,0.039,0.19,5.142,37.227,0.678,0.034,0.272
3625.8,8.625,0.031,0.193,5.307,120.983,1.69,0.062,0.252
3625.9,8.625,0.025,0.193,5.473,121.868,4.77,0.094,0.23
3626,8.625,0.023,0.191,5.539,7.464,10.451,0.122,0.217
3626.1,8.625,0.029,0.187,5.467,3.823,38.938,0.17,0.197
3626.2,8.625,0.038,0.184,5.321,3.568,52.188,0.178,0.19
3626.3,8.625,0.049,0.181,5.177,4.069,46.226,0.18,0.197
3626.4,8.625,0.059,0.177,5.065,8.98,34.324,0.177,0.209
3626.5,8.625,0.062,0.175,5.004,21.995,23.177,0.17,0.221
3626.6,8.625,0.057,0.174,5.032,19.877,16.823,0.162,0.23
3626.7,8.625,0.047,0.174,5.168,19.328,6.838,0.122,0.238
3626.8,8.625,0.035,0.174,5.386,13.175,6.472,0.118,0.237
3626.9,8.625,0.027,0.17,5.661,7.236,8.53,0.122,0.227
3627,8.625,0.026,0.161,5.975,5.699,13.235,0.134,0.216
3627.1,8.672,0.033,0.144,6.281,5.428,20.554,0.151,0.21
3627.2,8.688,0.046,0.129,6.519,6.25,69.507,0.201,0.196
3627.3,8.687,0.058,0.122,6.627,7.929,109.69,0.216,0.187
3627.4,8.672,0.065,0.121,6.607,9.714,155.315,0.232,0.185
3627.5,8.672,0.066,0.128,6.497,6.459,216.718,0.246,0.182
3627.6,8.672,0.066,0.139,6.442,3.208,212.055,0.256,0.191
3627.7,8.672,0.065,0.151,6.388,2.178,275.458,0.26,0.182
3627.8,8.727,0.067,0.153,6.424,1.792,295.912,0.26,0.179
3627.9,8.75,0.07,0.154,6.433,1.958,259.98,0.258,0.183
3628,8.727,0.071,0.155,6.37,2.214,318.533,0.256,0.171
3628.1,8.703,0.07,0.151,6.251,2.134,297.254,0.253,0.172
3628.2,8.703,0.068,0.147,6.126,1.916,270.689,0.25,0.174
3628.3,8.703,0.067,0.145,6.02,1.692,228.235,0.245,0.178
3628.4,8.703,0.066,0.145,5.918,1.718,271.542,0.24,0.165
3628.5,8.672,0.069,0.147,5.776,2.186,294.12,0.237,0.158
3628.6,8.672,0.075,0.148,5.572,2.758,303.714,0.237,0.157
3628.7,8.648,0.083,0.152,5.343,3.401,324.741,0.241,0.157
3628.8,8.625,0.084,0.154,5.162,4.376,449.708,0.244,0.145
3628.9,8.625,0.076,0.156,5.105,4.422,489.938,0.247,0.143
3629,8.625,0.059,0.158,5.212,4.395,401.035,0.247,0.152
3629.1,8.625,0.037,0.161,5.493,4.695,343.446,0.244,0.157
3629.2,8.625,0.015,0.167,5.918,5.111,269.313,0.237,0.163
3629.3,8.625,-0.003,0.175,6.425,5.446,173.251,0.227,0.175
3629.4,8.648,-0.011,0.182,6.921,3.769,160.237,0.218,0.171
3629.5,8.672,0,0.19,7.291,1.746,156.69,0.213,0.168
3629.6,8.703,0.027,0.193,7.437,1.523,164.293,0.214,0.166
3629.7,8.688,0.061,0.194,7.348,1.812,174.63,0.221,0.169
3629.8,8.687,0.088,0.19,7.069,2.478,196.366,0.226,0.169
3629.9,8.672,0.1,0.186,6.679,3.128,185.955,0.231,0.175
3630,8.648,0.098,0.187,6.263,2.734,212.367,0.233,0.171
3630.1,8.625,0.089,0.188,5.887,2.249,182.968,0.234,0.179
3630.2,8.625,0.08,0.189,5.598,2.074,162.459,0.236,0.186
3630.3,8.672,0.072,0.186,5.422,2.803,187.103,0.241,0.184
3630.4,8.672,0.065,0.185,5.391,3.528,238.611,0.246,0.176
3630.5,8.672,0.057,0.183,5.521,2.918,254.868,0.25,0.177
3630.6,8.672,0.048,0.181,5.792,1.841,256.22,0.252,0.178
3630.7,8.703,0.04,0.18,6.098,1.927,257.773,0.25,0.176
3630.8,8.727,0.039,0.181,6.31,2.378,276.906,0.248,0.171
3630.9,8.727,0.048,0.189,6.345,2.131,224.043,0.247,0.181
3631,8.703,0.064,0.197,6.209,1.497,165.49,0.245,0.194
3631.1,8.703,0.08,0.205,5.985,1.604,194.777,0.243,0.184
3631.2,8.693,0.092,0.21,5.763,2.658,138.381,0.244,0.202
3631.3,8.648,0.098,0.218,5.573,4.207,100.772,0.245,0.217
3631.4,8.625,0.097,0.218,5.42,4.474,66.474,0.245,0.238
3631.5,8.625,0.089,0.217,5.302,4.179,42.517,0.246,0.26
3631.6,8.625,0.075,0.216,5.224,4.29,40.827,0.245,0.261
3631.7,8.625,0.059,0.216,5.183,4.591,43.715,0.245,0.257
3631.8,8.625,0.049,0.216,5.158,4.728,48.579,0.244,0.251
3631.9,8.625,0.044,0.216,5.145,4.816,41.877,0.242,0.257
3632,8.625,0.043,0.214,5.145,5.434,29.776,0.241,0.273
3632.1,8.625,0.043,0.211,5.148,5.746,33.028,0.239,0.266
3632.2,8.625,0.042,0.206,5.14,5.756,30.046,0.236,0.268
3632.3,8.625,0.041,0.201,5.119,5.76,25.272,0.234,0.275
3632.4,8.625,0.041,0.197,5.094,5.724,23.045,0.234,0.278
3632.5,8.625,0.042,0.194,5.08,5.475,25.015,0.232,0.273
3632.6,8.625,0.044,0.192,5.078,5.429,24.781,0.233,0.274
3632.7,8.625,0.046,0.191,5.075,5.866,29.257,0.234,0.267
3632.8,8.625,0.047,0.191,5.069,6.543,21.184,0.235,0.284
3632.9,8.625,0.046,0.191,5.079,7.44,18.579,0.236,0.291
3633,8.625,0.043,0.192,5.121,7.394,24.176,0.236,0.278
3633.1,8.625,0.039,0.195,5.205,7.106,26.483,0.235,0.273
3633.2,8.625,0.032,0.2,5.353,6.971,24.203,0.236,0.278
3633.3,8.625,0.023,0.204,5.592,7,28.364,0.237,0.272
3633.4,8.625,0.018,0.206,5.896,7.204,24.05,0.24,0.282
3633.5,8.625,0.022,0.206,6.156,7.698,21.9,0.242,0.289
3633.6,8.625,0.037,0.207,6.215,6.623,22.193,0.242,0.288
3633.7,8.625,0.054,0.207,6.053,5.315,23.66,0.24,0.283
3633.8,8.625,0.064,0.206,5.765,4.662,27.937,0.235,0.27
3633.9,8.578,0.063,0.207,5.49,4.553,27.344,0.231,0.268
3634,8.625,0.056,0.203,5.33,4.42,32.165,0.23,0.259
3634.1,8.625,0.052,0.204,5.295,4.315,49.624,0.229,0.237
3634.2,8.625,0.053,0.206,5.332,3.831,45.281,0.229,0.242
3634.3,8.625,0.056,0.208,5.376,3.615,52.349,0.229,0.235
3634.4,8.625,0.058,0.209,5.385,3.641,64.552,0.228,0.224
3634.5,8.602,0.058,0.213,5.361,3.835,93.457,0.227,0.205
3634.6,8.625,0.055,0.214,5.335,4.022,101.727,0.226,0.2
3634.7,8.578,0.051,0.214,5.338,4.542,103.558,0.227,0.2
3634.8,8.578,0.048,0.212,5.365,5.158,103.19,0.225,0.199
3634.9,8.625,0.046,0.204,5.408,5.463,116.596,0.227,0.195
3635,8.625,0.045,0.198,5.457,5.671,110.592,0.224,0.194
3635.1,8.578,0.045,0.197,5.506,5.85,99.269,0.22,0.196
3635.2,8.578,0.045,0.195,5.548,6.089,87.692,0.217,0.199
3635.3,8.602,0.045,0.194,5.576,6.099,61.162,0.219,0.219
3635.4,8.602,0.045,0.201,5.597,6.159,52.031,0.224,0.23
3635.5,8.578,0.045,0.208,5.631,6.031,28.61,0.23,0.265
3635.6,8.578,0.047,0.217,5.674,5.667,23.774,0.234,0.277
3635.7,8.578,0.049,0.224,5.697,5.235,25.303,0.236,0.276
3635.8,8.602,0.049,0.225,5.678,4.848,21.247,0.237,0.286
3635.9,8.625,0.047,0.226,5.624,4.629,16.068,0.234,0.296
3636,8.625,0.045,0.224,5.571,4.553,19.652,0.231,0.284
3636.1,8.625,0.044,0.223,5.544,4.347,24.057,0.227,0.27
3636.2,8.625,0.044,0.222,5.537,3.998,39.625,0.223,0.243
3636.3,8.625,0.044,0.222,5.529,3.872,54.902,0.221,0.225
3636.4,8.625,0.045,0.22,5.505,3.683,79.225,0.222,0.209
3636.5,8.625,0.045,0.218,5.465,3.464,84.98,0.224,0.207
3636.6,8.578,0.046,0.219,5.427,3.155,61.862,0.225,0.223
3636.7,8.625,0.045,0.215,5.409,3.212,31.417,0.221,0.253
3636.8,8.625,0.044,0.216,5.42,3.069,16.571,0.216,0.279
3636.9,8.625,0.041,0.219,5.45,2.898,5.102,0.209,0.329
3637,8.625,0.039,0.221,5.49,2.584,2.796,0.201,0.352
3637.1,8.625,0.037,0.223,5.543,2.372,1.787,0.195,0.368
3637.2,8.625,0.035,0.224,5.608,2.288,1.671,0.192,0.368
3637.3,8.625,0.035,0.224,5.681,2.227,0.888,0.156,0.367
3637.4,8.625,0.035,0.225,5.728,1.968,0.869,0.157,0.369
3637.5,8.625,0.036,0.227,5.719,2.16,1.443,0.161,0.347
3637.6,8.625,0.037,0.229,5.667,2.321,2.691,0.161,0.318
3637.7,8.602,0.04,0.231,5.615,2.217,2.858,0.157,0.311
3637.8,8.625,0.045,0.231,5.592,2.25,3.311,0.154,0.301
3637.9,8.625,0.049,0.229,5.596,2.215,4.342,0.153,0.287
3638,8.656,0.051,0.223,5.607,2.233,8.38,0.187,0.286
3638.1,8.672,0.051,0.22,5.607,2.397,9.491,0.185,0.278
3638.2,8.672,0.048,0.217,5.589,2.387,9.376,0.185,0.278
3638.3,8.672,0.046,0.214,5.562,2.367,9.744,0.182,0.274
3638.4,8.648,0.044,0.213,5.536,2.358,11.677,0.179,0.262
3638.5,8.625,0.045,0.216,5.516,2.37,13.558,0.173,0.25
3638.6,8.625,0.049,0.218,5.497,2.359,19.026,0.169,0.231
3638.7,8.625,0.054,0.22,5.462,2.374,32.307,0.167,0.203
3638.8,8.625,0.057,0.222,5.397,2.384,29.699,0.169,0.208
3638.9,8.625,0.058,0.223,5.33,2.458,34.497,0.175,0.207
3639,8.641,0.053,0.219,5.336,2.654,40.069,0.181,0.205
3639.1,8.648,0.047,0.225,5.45,2.792,53.789,0.19,0.199
3639.2,8.625,0.046,0.225,5.61,3.001,65.072,0.198,0.197
3639.3,8.625,0.053,0.225,5.701,3.229,64.007,0.202,0.201
3639.4,8.625,0.064,0.225,5.679,3.553,57.925,0.209,0.212
3639.5,8.625,0.069,0.223,5.593,3.774,49.414,0.215,0.225
3639.6,8.672,0.067,0.219,5.515,3.985,39.682,0.223,0.243
3639.7,8.672,0.061,0.218,5.489,4.006,47.1,0.229,0.24
3639.8,8.672,0.054,0.219,5.508,2.769,45.428,0.232,0.244
3639.9,8.672,0.048,0.221,5.553,1.979,40.249,0.234,0.252
3640,8.648,0.041,0.223,5.602,2.59,40.821,0.233,0.25
3640.1,8.672,0.036,0.218,5.635,2.891,46.825,0.234,0.244
3640.2,8.648,0.036,0.216,5.647,3.022,51.974,0.235,0.241
3640.3,8.625,0.041,0.211,5.64,3.371,50.924,0.237,0.243
3640.4,8.625,0.048,0.207,5.607,3.529,39.295,0.237,0.256
3640.5,8.672,0.052,0.2,5.538,3.691,32.055,0.234,0.263
3640.6,8.672,0.053,0.196,5.432,3.856,27.158,0.23,0.267
3640.7,8.648,0.05,0.192,5.345,4.275,24.858,0.224,0.266
3640.8,8.648,0.047,0.194,5.361,4.493,24.903,0.218,0.261
3640.9,8.625,0.045,0.197,5.521,4.224,24.579,0.212,0.256
3641,8.625,0.044,0.203,5.771,4.108,23.549,0.207,0.254
3641.1,8.625,0.045,0.208,6.021,4.005,26.767,0.203,0.244
3641.2,8.625,0.047,0.211,6.212,3.893,26.339,0.198,0.24
3641.3,8.625,0.049,0.213,6.343,3.595,24.19,0.194,0.241
3641.4,8.625,0.051,0.215,6.458,3.246,21.494,0.192,0.245
3641.5,8.641,0.054,0.221,6.596,2.456,17.955,0.194,0.255
3641.6,8.672,0.058,0.224,6.791,1.802,12.135,0.198,0.277
3641.7,8.672,0.062,0.227,7.021,1.724,14.561,0.202,0.273
3641.8,8.703,0.064,0.226,7.138,1.809,18.802,0.207,0.265
3641.9,8.703,0.063,0.224,6.972,1.78,20.366,0.213,0.266
3642,8.695,0.064,0.219,6.67,1.644,20.197,0.218,0.271
3642.1,8.682,0.068,0.216,6.434,1.298,16.147,0.219,0.283
3642.2,8.703,0.071,0.209,6.315,1.225,15.057,0.218,0.285
3642.3,8.719,0.071,0.2,6.279,1.313,12.838,0.211,0.287
3642.4,8.734,0.067,0.195,6.298,1.492,9.323,0.2,0.293
3642.5,8.703,0.062,0.187,6.352,1.703,8.994,0.189,0.284
3642.6,8.703,0.058,0.179,6.438,1.947,14.54,0.175,0.249
3642.7,8.734,0.057,0.169,6.528,2.271,24.831,0.159,0.208
3642.8,8.719,0.058,0.168,6.584,2.976,29.34,0.139,0.182
3642.9,8.703,0.061,0.168,6.572,3.506,27.861,0.113,0.162
3643,8.703,0.067,0.173,6.5,4.087,26.983,0.086,0.14
3643.1,8.687,0.071,0.181,6.432,4.521,35.073,0.063,0.106
3643.2,8.672,0.07,0.188,6.424,4.323,20.233,0.007,0.084
3643.3,8.672,0.067,0.193,6.444,3.935,27.545,0.002,0.064
3643.4,8.648,0.066,0.2,6.392,3.706,51.294,0.024,0.053
3643.5,8.648,0.068,0.201,6.227,3.517,208.193,0.089,0.044
3643.6,8.625,0.07,0.206,6,3.367,362.66,0.111,0.037
3643.7,8.672,0.068,0.206,5.814,3.242,512.738,0.128,0.035
3643.8,8.672,0.062,0.209,5.744,3.023,732.64,0.142,0.031
3643.9,8.672,0.057,0.213,5.77,2.712,972.308,0.155,0.028
3644,8.688,0.055,0.216,5.828,2.48,1167.076,0.165,0.028
3644.1,8.688,0.056,0.22,5.893,2.258,1431.799,0.171,0.024
3644.2,8.703,0.057,0.22,5.96,2.125,1644.097,0.175,0.021
3644.3,8.703,0.056,0.221,6.013,2.063,1582.573,0.175,0.022
3644.4,8.703,0.055,0.224,6.043,2.104,1322.463,0.167,0.024
3644.5,8.703,0.053,0.226,6.056,2.085,971.611,0.154,0.027
3644.6,8.672,0.053,0.228,6.065,2.072,787.293,0.143,0.028
3644.7,8.672,0.054,0.223,6.077,2.09,828.206,0.14,0.023
3644.8,8.672,0.054,0.217,6.099,2.079,889.356,0.143,0.021
3644.9,8.672,0.053,0.21,6.135,2.083,898,0.144,0.022
3645,8.703,0.051,0.203,6.184,2.083,766.793,0.141,0.027
3645.1,8.703,0.047,0.199,6.227,2.078,887.149,0.14,0.019
3645.2,8.703,0.044,0.195,6.26,2.073,1135.186,0.146,0.012
3645.3,8.688,0.045,0.194,6.299,2.047,1314.138,0.159,0.017
3645.4,8.703,0.05,0.194,6.356,2.011,1599.365,0.174,0.021
3645.5,8.703,0.057,0.194,6.41,1.958,1874.461,0.186,0.024
3645.6,8.703,0.061,0.195,6.417,1.905,2110.206,0.192,0.024
3645.7,8.703,0.06,0.197,6.344,1.87,1924.654,0.188,0.024
3645.8,8.703,0.06,0.2,6.272,1.859,1613.818,0.172,0.019
3645.9,8.703,0.059,0.206,6.199,1.844,1102.263,0.155,0.022
3646,8.703,0.059,0.213,6.188,1.832,1093.922,0.148,0.016
3646.1,8.703,0.056,0.22,6.283,1.805,1207.413,0.158,0.02
3646.2,8.703,0.05,0.225,6.496,1.745,1566.147,0.177,0.025
3646.3,8.75,0.043,0.224,6.765,1.666,2150.255,0.195,0.025
3646.4,8.75,0.04,0.222,6.969,1.62,2270.127,0.205,0.031
3646.5,8.75,0.042,0.216,7.02,1.816,2466.382,0.207,0.03
3646.6,8.75,0.042,0.206,7.007,2.397,2590.53,0.207,0.027
3646.7,8.75,0.023,0.188,7.139,2.436,2818.911,0.206,0.022
3646.8,8.766,-0.02,0.159,7.559,3.622,2695.146,0.205,0.023
3646.9,8.781,-0.077,0.129,8.249,9.053,2484.645,0.204,0.026
3647,8.766,-0.127,0.105,9.089,101.774,2354.11,0.203,0.028
3647.1,8.727,-0.152,0.089,9.991,31389.885,2195.174,0.202,0.031
3647.2,8.75,-0.143,0.082,10.752,62290.77,2180.485,0.203,0.032
3647.3,8.766,-0.105,0.083,11.018,62290.77,2408.259,0.202,0.026
3647.4,8.765,-0.049,0.093,10.481,62290.77,2193.889,0.202,0.031
3647.5,8.687,0.01,0.105,9.207,62290.77,1885.53,0.2,0.036
3647.6,8.625,0.055,0.111,7.726,62290.77,1723.161,0.193,0.034
3647.7,8.625,0.079,0.112,6.643,62290.77,1223.199,0.177,0.036
3647.8,8.625,0.087,0.111,6.085,62290.77,745.208,0.153,0.039
3647.9,8.648,0.084,0.108,5.818,62290.77,441.33,0.122,0.037
3648,8.672,0.076,0.11,5.63,62290.77,250.341,0.094,0.039
3648.1,8.648,0.067,0.116,5.48,62290.77,129.445,0.069,0.049
3648.2,8.625,0.059,0.119,5.424,62242.867,73.042,0.052,0.062
3648.3,8.625,0.046,0.121,5.549,38545.684,45.46,0.043,0.077
3648.4,8.625,0.024,0.121,5.882,902.051,34.743,0.043,0.089
3648.5,8.625,0,0.12,6.332,380.401,21.709,0.051,0.119
3648.6,8.625,-0.01,0.12,6.736,249.314,16.443,0.065,0.145
3648.7,8.648,-0.002,0.117,6.981,214.851,18.608,0.084,0.156
3648.8,8.672,0.012,0.118,7.082,194.594,17.6,0.105,0.177
3648.9,8.672,0.017,0.117,7.097,180.225,22.078,0.126,0.185
3649,8.672,0.016,0.116,7.016,174.147,21.573,0.145,0.203
3649.1,8.672,0.021,0.116,6.8,170.302,20.947,0.158,0.216
3649.2,8.672,0.041,0.118,6.455,170.303,22.082,0.165,0.22
3649.3,8.625,0.07,0.124,6.06,170.619,19.318,0.164,0.225
3649.4,8.625,0.088,0.128,5.728,171.891,19.587,0.155,0.216
3649.5,8.625,0.088,0.13,5.524,174.817,14.885,0.138,0.214
3649.6,8.625,0.073,0.13,5.48,177.482,7.17,0.113,0.227
3649.7,8.648,0.046,0.126,5.617,179.536,5.008,0.085,0.22
3649.8,8.625,0.016,0.122,5.89,181.642,3.446,0.059,0.215
3649.9,8.625,0.001,0.12,6.138,184.521,2.416,0.038,0.213
3650,8.625,0.016,0.121,6.167,184.512,2.462,0.011,0.188
3650.1,8.625,0.053,0.123,5.928,185.608,4.7,0.032,0.176
3650.2,8.625,0.087,0.126,5.541,183.78,14.469,0.089,0.172
3650.3,8.625,0.097,0.127,5.197,182.35,18.856,0.112,0.18
3650.4,8.625,0.084,0.128,5.005,179.535,24.03,0.137,0.19
3650.5,8.625,0.066,0.129,4.936,176.126,31.762,0.159,0.196
3650.6,8.625,0.054,0.13,4.935,169.69,36.3,0.176,0.205
3650.7,8.625,0.049,0.129,4.973,166.606,45.675,0.186,0.203
3650.8,8.625,0.047,0.129,5.025,161.919,40.775,0.191,0.213
3650.9,8.625,0.046,0.128,5.065,154.033,38.431,0.194,0.218
3651,8.625,0.046,0.127,5.071,149.714,39.937,0.196,0.218
3651.1,8.625,0.047,0.127,5.047,146.811,47.219,0.198,0.213
3651.2,8.625,0.047,0.127,5.017,145.395,46.551,0.201,0.215
3651.3,8.625,0.048,0.128,5.016,142.421,40.573,0.202,0.223
3651.4,8.602,0.049,0.132,5.051,140.648,34.006,0.202,0.231
3651.5,8.625,0.05,0.132,5.093,136.397,28.007,0.201,0.24
3651.6,8.625,0.049,0.132,5.117,130.996,25.85,0.2,0.243
3651.7,8.625,0.043,0.13,5.144,124.305,24.541,0.199,0.244
3651.8,8.625,0.032,0.122,5.243,115.293,22.07,0.198,0.249
3651.9,8.625,0.019,0.109,5.453,108.207,23.762,0.198,0.246
3652,8.625,0.01,0.094,5.755,102.454,20.431,0.198,0.253
3652.1,8.672,0.01,0.078,6.067,96.299,22.377,0.198,0.249
3652.2,8.672,0.019,0.069,6.309,89.623,23.428,0.199,0.247
3652.3,8.672,0.033,0.063,6.454,85.332,18.367,0.199,0.259
3652.4,8.672,0.049,0.061,6.52,83.93,19.771,0.2,0.256
3652.5,8.672,0.062,0.063,6.53,78.307,22.446,0.201,0.251
3652.6,8.672,0.072,0.068,6.489,63.412,23.085,0.201,0.249
3652.7,8.625,0.081,0.08,6.387,56.399,27.155,0.202,0.242
3652.8,8.625,0.089,0.093,6.229,49.662,25.658,0.204,0.247
3652.9,8.625,0.093,0.107,6.036,42.408,24.716,0.209,0.253
3653,8.625,0.093,0.122,5.844,35.956,25.083,0.214,0.257
3653.1,8.625,0.089,0.135,5.689,31.605,27.32,0.22,0.258
3653.2,8.625,0.081,0.144,5.595,28.962,38.047,0.224,0.246
3653.3,8.625,0.07,0.147,5.577,24.969,47.047,0.228,0.239
3653.4,8.625,0.059,0.145,5.645,20.79,69.046,0.232,0.224
3653.5,8.625,0.048,0.138,5.798,15.585,79.156,0.238,0.223
3653.6,8.648,0.038,0.126,6.038,12.144,77.524,0.245,0.23
3653.7,8.641,0.031,0.112,6.349,10.342,115.855,0.251,0.216
3653.8,8.672,0.028,0.094,6.696,8.971,125.552,0.255,0.216
3653.9,8.672,0.031,0.08,7.007,8.089,115.16,0.257,0.222
3654,8.672,0.039,0.07,7.211,7.91,145.817,0.256,0.209
3654.1,8.672,0.05,0.064,7.286,8.388,139.381,0.254,0.21
3654.2,8.672,0.059,0.063,7.26,9.056,93.371,0.252,0.227
3654.3,8.672,0.065,0.065,7.173,9.128,114.459,0.251,0.217
3654.4,8.672,0.067,0.069,7.066,8.792,108.479,0.25,0.219
3654.5,8.672,0.068,0.076,6.968,8.724,91.881,0.25,0.227
3654.6,8.648,0.07,0.09,6.875,8.593,95.257,0.248,0.223
3654.7,8.672,0.075,0.101,6.737,7.718,68.058,0.242,0.234
3654.8,8.672,0.083,0.118,6.503,5.774,68.199,0.229,0.222
3654.9,8.672,0.09,0.137,6.184,4.837,43.188,0.209,0.227
3655,8.625,0.092,0.156,5.854,4.571,25.396,0.18,0.226
3655.1,8.625,0.088,0.167,5.607,4.521,15.933,0.145,0.217
3655.2,8.625,0.079,0.172,5.477,4.526,9.47,0.104,0.206
3655.3,8.625,0.071,0.174,5.427,4.528,5.491,0.065,0.198
3655.4,8.625,0.065,0.173,5.4,4.526,3.678,0.036,0.192
3655.5,8.625,0.06,0.173,5.376,4.512,1.382,0.013,0.218
3655.6,8.625,0.055,0.173,5.356,4.488,4.083,0.074,0.22
3655.7,8.625,0.051,0.175,5.351,4.489,5.525,0.102,0.23
3655.8,8.625,0.048,0.178,5.361,4.505,8.539,0.132,0.236
3655.9,8.625,0.047,0.18,5.378,4.503,11.451,0.16,0.247
3656,8.625,0.047,0.182,5.401,4.473,16.857,0.183,0.248
3656.1,8.625,0.049,0.183,5.42,4.459,20.437,0.199,0.254
3656.2,8.625,0.05,0.182,5.42,4.457,13.489,0.212,0.285
3656.3,8.625,0.051,0.18,5.401,4.474,10.125,0.22,0.306
3656.4,8.625,0.052,0.179,5.381,4.515,7.202,0.225,0.327
3656.5,8.625,0.053,0.179,5.375,4.531,4.096,0.226,0.355
3656.6,8.625,0.054,0.179,5.375,4.519,2.109,0.227,0.388
3656.7,8.625,0.054,0.18,5.366,4.519,2.026,0.225,0.388
3656.8,8.602,0.055,0.18,5.352,4.543,1.923,0.221,0.387
3656.9,8.625,0.055,0.182,5.342,4.574,1.94,0.218,0.384
3657,8.602,0.055,0.184,5.339,4.627,3.358,0.215,0.355
3657.1,8.625,0.055,0.185,5.338,4.686,4.095,0.213,0.343
3657.2,8.625,0.057,0.186,5.332,4.757,6.241,0.213,0.323
3657.3,8.625,0.058,0.187,5.326,4.9,8.198,0.215,0.312
3657.4,8.625,0.059,0.189,5.329,5.058,8.53,0.216,0.311
3657.5,8.625,0.058,0.193,5.337,5.348,7.516,0.214,0.315
3657.6,8.625,0.057,0.198,5.336,5.65,5.739,0.208,0.323
3657.7,8.625,0.056,0.2,5.31,5.771,5.765,0.2,0.316
3657.8,8.625,0.056,0.201,5.274,6.048,6.765,0.193,0.301
3657.9,8.625,0.056,0.201,5.255,6.266,11.909,0.186,0.268
3658,8.625,0.056,0.202,5.254,6.447,25.165,0.183,0.229
3658.1,8.625,0.055,0.206,5.26,6.614,51.808,0.184,0.196
3658.2,8.625,0.053,0.211,5.252,6.707,100.299,0.19,0.168
3658.3,8.625,0.049,0.217,5.224,6.758,152.435,0.197,0.154
3658.4,8.625,0.044,0.22,5.184,6.801,169.13,0.203,0.155
3658.5,8.625,0.041,0.219,5.149,6.903,200.518,0.209,0.152
3658.6,8.648,0.04,0.218,5.147,7.019,194.025,0.212,0.157
3658.7,8.625,0.042,0.216,5.185,7.141,206.303,0.214,0.155
3658.8,8.625,0.043,0.216,5.248,7.208,215.991,0.214,0.153
3658.9,8.625,0.044,0.216,5.296,7.274,257.464,0.215,0.146
3659,8.625,0.044,0.215,5.297,7.387,245.895,0.216,0.148
3659.1,8.625,0.041,0.214,5.259,7.518,206.907,0.216,0.157
3659.2,8.625,0.038,0.21,5.212,7.674,220.419,0.217,0.154
3659.3,8.625,0.035,0.2,5.202,7.853,207.386,0.217,0.157
3659.4,8.625,0.029,0.181,5.286,7.907,169.604,0.215,0.166
3659.5,8.625,0.022,0.156,5.506,7.901,161.842,0.214,0.167
3659.6,8.648,0.014,0.124,5.876,8.09,160.104,0.213,0.167
3659.7,8.672,0.009,0.096,6.348,9.402,127.536,0.214,0.179
3659.8,8.672,0.013,0.074,6.803,11.651,137.443,0.218,0.178
3659.9,8.703,0.026,0.057,7.129,14.364,118.703,0.222,0.189
3660,8.687,0.042,0.05,7.305,16.05,80.799,0.228,0.213
3660.1,8.672,0.056,0.047,7.371,16.977,73.235,0.234,0.223
3660.2,8.672,0.064,0.047,7.37,17.795,96.437,0.239,0.214
3660.3,8.672,0.067,0.049,7.324,19.507,77.266,0.244,0.229
3660.4,8.672,0.069,0.051,7.256,20.541,70.45,0.248,0.237
3660.5,8.672,0.07,0.053,7.188,22.22,74.851,0.25,0.236
3660.6,8.672,0.071,0.055,7.136,23.517,91.824,0.252,0.228
3660.7,8.672,0.072,0.056,7.107,24.143,90.037,0.254,0.231
3660.8,8.703,0.072,0.055,7.098,24.405,129.266,0.256,0.215
3660.9,8.703,0.073,0.056,7.109,24.703,160.548,0.257,0.206
3661,8.688,0.076,0.059,7.149,25.152,139.539,0.26,0.215
3661.1,8.703,0.078,0.06,7.214,25.577,128.749,0.262,0.221
3661.2,8.688,0.079,0.058,7.278,25.646,107.633,0.263,0.23
3661.3,8.687,0.078,0.059,7.324,25.657,121.38,0.264,0.225
3661.4,8.672,0.076,0.057,7.345,25.408,131.333,0.263,0.221
3661.5,8.672,0.073,0.054,7.345,25.67,132.486,0.262,0.219
3661.6,8.672,0.071,0.051,7.322,26.016,123.608,0.259,0.22
3661.7,8.672,0.069,0.049,7.283,25.992,132.614,0.259,0.216
3661.8,8.672,0.069,0.048,7.251,25.829,178.684,0.258,0.201
3661.9,8.672,0.068,0.047,7.238,25.428,182.366,0.256,0.198
3662,8.672,0.066,0.047,7.224,24.671,185.995,0.254,0.196
3662.1,8.672,0.064,0.046,7.207,23.436,166.23,0.253,0.2
3662.2,8.672,0.064,0.047,7.193,22.718,142.818,0.252,0.207
3662.3,8.672,0.068,0.049,7.195,21.455,149.141,0.253,0.205
3662.4,8.672,0.075,0.053,7.193,20.099,171.922,0.253,0.199
3662.5,8.672,0.083,0.061,7.144,18.544,129.035,0.251,0.211
3662.6,8.672,0.09,0.071,7.006,16.505,96.01,0.246,0.22
3662.7,8.672,0.095,0.086,6.779,14.508,63.133,0.238,0.234
3662.8,8.672,0.098,0.104,6.5,11.844,56.694,0.232,0.234
3662.9,8.672,0.099,0.126,6.216,10.025,84.169,0.23,0.213
3663,8.672,0.096,0.149,5.958,8.972,98.699,0.232,0.207
3663.1,8.625,0.089,0.172,5.749,8.002,111.54,0.237,0.206
3663.2,8.625,0.081,0.186,5.595,7.656,146.501,0.242,0.197
3663.3,8.625,0.071,0.194,5.492,7.162,197.25,0.245,0.185
3663.4,8.625,0.062,0.198,5.44,6.686,217.173,0.247,0.182
3663.5,8.625,0.055,0.2,5.433,6.443,231.436,0.248,0.18
3663.6,8.625,0.049,0.202,5.458,6.379,245.8,0.248,0.177
3663.7,8.625,0.046,0.201,5.495,6.279,254.298,0.247,0.174
3663.8,8.625,0.044,0.203,5.529,5.918,189.68,0.245,0.187
3663.9,8.625,0.042,0.204,5.562,5.699,178.418,0.244,0.189
3664,8.672,0.042,0.201,5.581,5.616,180.626,0.244,0.188
3664.1,8.672,0.044,0.199,5.579,5.797,156.406,0.243,0.195
3664.2,8.687,0.049,0.197,5.549,6.508,146.208,0.242,0.197
3664.3,8.672,0.055,0.194,5.498,7.466,141.812,0.241,0.198
3664.4,8.672,0.056,0.19,5.446,7.821,138.739,0.241,0.198
3664.5,8.625,0.052,0.189,5.415,7.686,146.272,0.24,0.195
3664.6,8.625,0.047,0.185,5.422,7.569,151.347,0.241,0.194
3664.7,8.625,0.043,0.18,5.464,7.653,154.579,0.242,0.194
3664.8,8.625,0.042,0.174,5.515,7.877,174.687,0.241,0.187
3664.9,8.625,0.043,0.168,5.545,8.105,185.958,0.24,0.183
3665,8.602,0.046,0.162,5.527,8.457,172.275,0.238,0.185
3665.1,8.625,0.05,0.156,5.445,8.617,179.148,0.237,0.182
3665.2,8.625,0.057,0.151,5.3,8.693,170.966,0.235,0.183
3665.3,8.625,0.061,0.149,5.131,8.624,149.86,0.233,0.188
3665.4,8.625,0.061,0.148,4.996,8.511,146.518,0.232,0.188
3665.5,8.625,0.058,0.149,4.923,8.515,127.687,0.231,0.193
3665.6,8.625,0.054,0.152,4.907,8.587,163.551,0.231,0.182
3665.7,8.625,0.052,0.156,4.934,8.65,187.68,0.232,0.176
3665.8,8.625,0.051,0.158,4.974,8.701,187.592,0.233,0.177
3665.9,8.625,0.05,0.159,4.987,8.693,168.476,0.233,0.182
3666,8.625,0.05,0.159,4.972,8.642,147.019,0.233,0.189
3666.1,8.602,0.048,0.161,4.961,8.61,135.153,0.233,0.192
3666.2,8.578,0.047,0.161,4.982,8.485,142.658,0.232,0.189
3666.3,8.602,0.046,0.16,5.037,8.365,158.387,0.231,0.183
3666.4,8.625,0.047,0.163,5.106,8.272,139.748,0.23,0.188
3666.5,8.625,0.048,0.164,5.171,8.088,130.202,0.228,0.19
3666.6,8.625,0.05,0.165,5.214,7.795,129.682,0.227,0.189
3666.7,8.625,0.052,0.166,5.235,7.521,140.266,0.225,0.184
3666.8,8.625,0.052,0.168,5.241,7.269,156.909,0.222,0.176
3666.9,8.625,0.052,0.172,5.236,6.928,184.928,0.219,0.165
3667,8.625,0.051,0.179,5.228,6.832,176.72,0.215,0.163
3667.1,8.625,0.05,0.188,5.214,6.694,180.103,0.209,0.157
3667.2,8.625,0.05,0.199,5.195,6.521,151.893,0.202,0.16
3667.3,8.625,0.051,0.209,5.174,6.197,112.46,0.195,0.168
3667.4,8.609,0.051,0.218,5.163,5.517,130.047,0.189,0.155
3667.5,8.625,0.051,0.223,5.178,5.215,127.734,0.182,0.149
3667.6,8.625,0.052,0.225,5.214,4.95,117.07,0.176,0.149
3667.7,8.625,0.053,0.226,5.254,4.739,141.587,0.174,0.138
3667.8,8.625,0.054,0.226,5.278,4.609,135.067,0.171,0.137
3667.9,8.625,0.053,0.225,5.283,4.506,158.037,0.171,0.13
3668,8.625,0.052,0.225,5.276,4.425,172.059,0.172,0.126
3668.1,8.625,0.051,0.225,5.265,4.387,186.853,0.171,0.122
3668.2,8.625,0.049,0.229,5.253,4.318,215.536,0.172,0.116
3668.3,8.578,0.048,0.233,5.241,4.263,231.096,0.174,0.114
3668.4,8.602,0.046,0.233,5.225,4.194,265.904,0.175,0.109
3668.5,8.625,0.045,0.236,5.206,4.137,269.055,0.178,0.111
3668.6,8.625,0.045,0.237,5.19,4.094,246.596,0.181,0.117
3668.7,8.625,0.044,0.234,5.18,4.028,274.566,0.182,0.113
3668.8,8.625,0.045,0.231,5.177,3.973,331.927,0.183,0.105
3668.9,8.578,0.045,0.231,5.18,3.943,356.093,0.185,0.103
3669,8.578,0.046,0.23,5.199,3.94,314.122,0.187,0.111
3669.1,8.602,0.047,0.227,5.226,3.933,307.203,0.191,0.115
3669.2,8.625,0.048,0.224,5.233,3.93,293.355,0.195,0.121
3669.3,8.625,0.047,0.221,5.202,3.911,350.248,0.197,0.115
3669.4,8.625,0.046,0.219,5.143,3.896,390.607,0.199,0.111
3669.5,8.625,0.045,0.219,5.089,3.871,473.994,0.199,0.102
3669.6,8.625,0.044,0.22,5.079,3.835,484.351,0.197,0.099
3669.7,8.625,0.041,0.22,5.133,3.777,423.734,0.192,0.101
3669.8,8.625,0.04,0.217,5.236,3.672,402.86,0.189,0.1
3669.9,8.625,0.04,0.213,5.326,3.556,430.991,0.185,0.094
3670,8.625,0.045,0.21,5.35,3.429,448.253,0.183,0.09
3670.1,8.625,0.05,0.21,5.298,3.468,413.433,0.182,0.093
3670.2,8.648,0.054,0.21,5.207,3.819,406.617,0.184,0.096
3670.3,8.625,0.053,0.21,5.13,4.167,337.676,0.186,0.106
3670.4,8.625,0.051,0.209,5.087,4.551,289.216,0.188,0.116
3670.5,8.625,0.048,0.208,5.068,4.743,186.619,0.19,0.139
3670.6,8.625,0.048,0.208,5.065,4.878,144.497,0.193,0.154
3670.7,8.625,0.048,0.209,5.083,4.954,169.492,0.196,0.149
3670.8,8.625,0.049,0.209,5.127,5.034,195.863,0.199,0.144
3670.9,8.625,0.049,0.208,5.183,5.091,265.378,0.201,0.132
3671,8.625,0.05,0.207,5.226,5.151,363.102,0.203,0.118
3671.1,8.625,0.05,0.206,5.249,5.189,467.68,0.204,0.107
3671.2,8.625,0.049,0.205,5.253,5.226,503.944,0.206,0.105
3671.3,8.625,0.049,0.205,5.239,5.25,671.412,0.207,0.092
3671.4,8.625,0.048,0.204,5.207,5.262,678.216,0.208,0.092
3671.5,8.625,0.047,0.203,5.16,5.237,781.993,0.208,0.086
3671.6,8.625,0.046,0.204,5.12,5.205,743.483,0.207,0.087
3671.7,8.641,0.044,0.202,5.104,5.195,749.53,0.205,0.085
3671.8,8.625,0.043,0.206,5.11,5.146,747.347,0.203,0.083
3671.9,8.625,0.043,0.206,5.13,5.084,573.597,0.201,0.094
3672,8.625,0.045,0.207,5.154,5.039,499.401,0.2,0.1
3672.1,8.625,0.046,0.207,5.178,4.997,495.667,0.199,0.1
3672.2,8.625,0.048,0.206,5.196,4.947,575.404,0.2,0.093
3672.3,8.625,0.049,0.206,5.204,4.901,504.138,0.201,0.101
3672.4,8.625,0.051,0.206,5.207,4.846,480.28,0.205,0.106
3672.5,8.625,0.053,0.206,5.209,4.81,530.895,0.208,0.105
3672.6,8.625,0.055,0.206,5.22,4.784,552.619,0.211,0.105
3672.7,8.625,0.056,0.206,5.235,4.812,621.455,0.211,0.1
3672.8,8.625,0.054,0.205,5.237,4.884,658.16,0.212,0.097
3672.9,8.625,0.052,0.203,5.218,4.974,661.452,0.211,0.097
3673,8.625,0.049,0.202,5.181,5.057,702.793,0.211,0.094
3673.1,8.625,0.047,0.201,5.136,5.142,695.942,0.211,0.094
3673.2,8.625,0.045,0.2,5.096,5.214,692.677,0.209,0.092
3673.3,8.625,0.044,0.198,5.07,5.291,624.567,0.207,0.095
3673.4,8.625,0.043,0.197,5.059,5.367,540.745,0.204,0.1
3673.5,8.625,0.042,0.195,5.057,5.452,555.196,0.203,0.097
3673.6,8.625,0.042,0.194,5.067,5.544,614.363,0.201,0.091
3673.7,8.625,0.043,0.193,5.093,5.657,580.189,0.202,0.094
3673.8,8.625,0.044,0.191,5.124,5.779,704.485,0.2,0.084
3673.9,8.625,0.044,0.189,5.133,5.88,687.234,0.198,0.083
3674,8.625,0.044,0.186,5.117,6.007,515.899,0.195,0.094
3674.1,8.625,0.045,0.182,5.1,6.212,497.933,0.192,0.094
3674.2,8.625,0.046,0.176,5.121,6.513,528.672,0.191,0.089
3674.3,8.625,0.049,0.17,5.188,6.725,527.558,0.191,0.089
3674.4,8.625,0.052,0.162,5.266,6.828,580.894,0.189,0.083
3674.5,8.625,0.053,0.152,5.318,7.079,595.979,0.187,0.08
3674.6,8.578,0.052,0.146,5.322,7.382,565.346,0.186,0.082
3674.7,8.602,0.052,0.135,5.3,7.734,396.235,0.185,0.098
3674.8,8.625,0.053,0.13,5.281,7.976,405.857,0.185,0.097
3674.9,8.602,0.054,0.132,5.273,8.142,386.257,0.186,0.1
3675,8.625,0.056,0.129,5.273,8.186,402.882,0.185,0.097
3675.1,8.609,0.058,0.131,5.281,8.122,394.732,0.184,0.097
3675.2,8.602,0.061,0.134,5.295,7.884,401.604,0.181,0.094
3675.3,8.578,0.063,0.133,5.306,7.742,490.556,0.18,0.083
3675.4,8.578,0.064,0.133,5.299,7.769,445.392,0.182,0.09
3675.5,8.578,0.062,0.132,5.28,8.118,484.506,0.184,0.087
3675.6,8.602,0.059,0.13,5.254,8.552,592.171,0.186,0.08
3675.7,8.625,0.055,0.13,5.219,8.912,560.013,0.188,0.084
3675.8,8.578,0.053,0.134,5.172,9.193,594.018,0.189,0.082
3675.9,8.578,0.053,0.135,5.131,9.299,586.318,0.189,0.083
3676,8.578,0.053,0.137,5.119,9.398,625.076,0.188,0.079
3676.1,8.578,0.053,0.14,5.142,9.556,622.117,0.188,0.079
3676.2,8.625,0.053,0.14,5.191,9.927,631.45,0.189,0.079
3676.3,8.625,0.054,0.144,5.241,9.867,606.756,0.191,0.082
3676.4,8.602,0.055,0.149,5.265,9.68,530.827,0.192,0.09
3676.5,8.578,0.055,0.151,5.248,9.529,443.758,0.193,0.1
3676.6,8.578,0.053,0.15,5.195,9.538,276.012,0.196,0.125
3676.7,8.578,0.05,0.147,5.126,9.778,185.286,0.196,0.145
3676.8,8.578,0.047,0.142,5.063,10.151,116.431,0.197,0.168
3676.9,8.602,0.046,0.132,5.023,10.445,80.94,0.195,0.183
3677,8.625,0.046,0.128,4.997,10.673,45.313,0.191,0.208
3677.1,8.625,0.048,0.125,4.971,10.933,30.417,0.188,0.225
3677.2,8.625,0.05,0.125,4.941,11.298,30.969,0.189,0.225
3677.3,8.625,0.051,0.125,4.923,11.618,40.928,0.198,0.219
3677.4,8.578,0.051,0.13,4.937,11.676,81.998,0.211,0.197
3677.5,8.578,0.051,0.134,4.993,11.682,133.575,0.225,0.186
3677.6,8.578,0.052,0.139,5.068,11.409,155.155,0.237,0.189
3677.7,8.602,0.052,0.143,5.13,11.034,168.491,0.244,0.192
3677.8,8.625,0.053,0.148,5.158,10.202,177.307,0.248,0.193
3677.9,8.625,0.054,0.153,5.164,9.935,171.91,0.251,0.197
3678,8.625,0.055,0.156,5.163,10.45,175.081,0.252,0.197
3678.1,8.625,0.055,0.157,5.166,11.378,178.07,0.253,0.197
3678.2,8.625,0.055,0.156,5.175,12.228,185.507,0.252,0.194
3678.3,8.625,0.054,0.155,5.185,12.947,226.997,0.25,0.183
3678.4,8.625,0.054,0.155,5.183,13.281,202.193,0.248,0.186
3678.5,8.625,0.054,0.158,5.16,13.292,172.573,0.245,0.191
3678.6,8.625,0.054,0.16,5.114,13.212,150.516,0.242,0.195
3678.7,8.625,0.052,0.161,5.056,13.298,99.585,0.237,0.211
3678.8,8.625,0.049,0.159,5.013,13.703,89.307,0.232,0.212
3678.9,8.625,0.045,0.155,4.993,14.152,82.981,0.226,0.21
3679,8.625,0.041,0.151,4.995,14.427,82.368,0.221,0.206
3679.1,8.625,0.039,0.148,5.003,14.733,83.332,0.218,0.202
3679.2,8.625,0.04,0.147,5.013,14.943,84.509,0.216,0.2
3679.3,8.625,0.044,0.148,5.035,14.938,72.865,0.217,0.208
3679.4,8.625,0.048,0.15,5.074,14.861,74.695,0.218,0.207
3679.5,8.625,0.05,0.153,5.112,14.832,81.655,0.219,0.204
3679.6,8.625,0.05,0.156,5.094,14.789,107.636,0.221,0.193
3679.7,8.625,0.048,0.16,5.026,14.709,104.749,0.224,0.197
3679.8,8.625,0.047,0.162,4.962,14.685,111.498,0.227,0.197
3679.9,8.625,0.047,0.164,4.922,14.517,138.694,0.23,0.189
3680,8.625,0.047,0.164,4.908,14.371,172.1,0.232,0.18
3680.1,8.625,0.046,0.163,4.925,14.362,156.669,0.234,0.186
3680.2,8.625,0.047,0.163,4.98,14.509,136.756,0.234,0.193
3680.3,8.625,0.047,0.162,5.079,14.658,157.152,0.234,0.186
3680.4,8.672,0.048,0.159,5.183,15.09,182.826,0.235,0.179
3680.5,8.672,0.048,0.157,5.244,15.424,176.602,0.237,0.183
3680.6,8.672,0.048,0.154,5.268,15.577,193.583,0.239,0.181
3680.7,8.672,0.048,0.152,5.272,15.972,206.78,0.241,0.179
3680.8,8.672,0.048,0.151,5.247,16.549,193.372,0.242,0.183
3680.9,8.625,0.048,0.151,5.187,17.397,176.356,0.242,0.187
3681,8.625,0.049,0.152,5.127,17.585,168.923,0.241,0.189
3681.1,8.625,0.049,0.148,5.084,18.202,160.512,0.24,0.191
3681.2,8.625,0.05,0.143,5.075,19.971,158.075,0.239,0.19
3681.3,8.625,0.049,0.138,5.082,22.696,130.858,0.238,0.199
3681.4,8.625,0.047,0.134,5.089,24.738,148.347,0.235,0.19
3681.5,8.578,0.046,0.135,5.089,25.071,147.991,0.234,0.189
3681.6,8.578,0.046,0.135,5.086,23.846,125.872,0.235,0.198
3681.7,8.578,0.049,0.135,5.084,23.495,130.258,0.236,0.197
3681.8,8.578,0.053,0.136,5.088,24.144,116.062,0.238,0.204
3681.9,8.578,0.055,0.136,5.104,26.35,136.882,0.238,0.197
3682,8.578,0.056,0.136,5.132,28.036,177.539,0.238,0.184
3682.1,8.578,0.056,0.136,5.169,29.255,169.227,0.237,0.186
3682.2,8.578,0.056,0.134,5.208,31.615,196.857,0.237,0.178
3682.3,8.578,0.057,0.133,5.247,33.182,185.689,0.238,0.181
3682.4,8.602,0.059,0.127,5.283,34.792,218.852,0.238,0.174
3682.5,8.625,0.06,0.126,5.311,34.616,271.168,0.238,0.164
3682.6,8.602,0.06,0.127,5.31,33.669,289.75,0.238,0.16
3682.7,8.578,0.058,0.127,5.264,32.552,271.849,0.238,0.163
3682.8,8.578,0.055,0.126,5.176,31.723,277.588,0.237,0.161
3682.9,8.578,0.052,0.126,5.085,31.133,247.791,0.234,0.165
3683,8.578,0.051,0.127,5.025,30.914,210.121,0.23,0.169
3683.1,8.578,0.05,0.129,5.005,30.363,171.886,0.224,0.173
3683.2,8.602,0.05,0.128,5.008,28.91,159.076,0.218,0.171
3683.3,8.625,0.051,0.129,5.016,26.765,151.682,0.212,0.168
3683.4,8.625,0.053,0.129,5.025,23.443,154.166,0.206,0.162
3683.5,8.578,0.054,0.131,5.034,20.269,130.948,0.2,0.165
3683.6,8.578,0.055,0.132,5.039,17.409,128.068,0.197,0.163
3683.7,8.578,0.053,0.134,5.046,16.376,155.262,0.195,0.152
3683.8,8.578,0.05,0.138,5.064,14.77,133.966,0.197,0.161
3683.9,8.625,0.047,0.139,5.096,12.049,114.731,0.201,0.172
3684,8.602,0.044,0.146,5.126,9.528,148.668,0.205,0.163
3684.1,8.602,0.044,0.151,5.147,7.893,152.469,0.209,0.166
3684.2,8.578,0.048,0.159,5.167,6.549,146.151,0.214,0.172
3684.3,8.578,0.055,0.17,5.196,5.308,176.831,0.216,0.164
3684.4,8.625,0.065,0.18,5.216,4.779,199.246,0.218,0.16
3684.5,8.625,0.071,0.194,5.213,4.618,209.124,0.221,0.161
3684.6,8.625,0.072,0.205,5.185,4.584,187.456,0.224,0.169
3684.7,8.625,0.066,0.209,5.147,4.628,205.55,0.227,0.167
3684.8,8.625,0.057,0.209,5.114,4.679,228.766,0.23,0.165
3684.9,8.625,0.049,0.208,5.088,4.723,237.869,0.233,0.165
3685,8.625,0.045,0.209,5.07,4.761,255.345,0.234,0.163
3685.1,8.625,0.044,0.213,5.062,4.767,241.993,0.235,0.166
3685.2,8.625,0.044,0.217,5.049,4.682,226.473,0.236,0.171
3685.3,8.625,0.044,0.219,5.023,4.576,236.179,0.236,0.168
3685.4,8.625,0.044,0.219,5.013,4.482,263.053,0.235,0.162
3685.5,8.625,0.044,0.217,5.047,4.468,272.38,0.236,0.162
3685.6,8.625,0.044,0.213,5.116,4.474,274.729,0.238,0.162
3685.7,8.625,0.044,0.21,5.172,4.466,313.863,0.24,0.158
3685.8,8.625,0.044,0.207,5.175,4.479,226.331,0.239,0.173
3685.9,8.625,0.044,0.204,5.148,4.485,213.462,0.237,0.174
3686,8.625,0.044,0.201,5.139,4.44,209.798,0.237,0.175
3686.1,8.625,0.044,0.197,5.167,4.343,225.752,0.234,0.169
3686.2,8.625,0.046,0.194,5.214,4.243,271.565,0.235,0.161
3686.3,8.625,0.048,0.193,5.246,4.268,273.517,0.236,0.162
3686.4,8.625,0.05,0.194,5.249,4.436,333.908,0.238,0.154
3686.5,8.625,0.052,0.195,5.233,4.568,389.093,0.241,0.148
3686.6,8.625,0.053,0.195,5.211,4.609,322.465,0.243,0.159
3686.7,8.625,0.053,0.194,5.188,4.639,322.398,0.243,0.16
3686.8,8.625,0.052,0.194,5.166,4.696,318.936,0.243,0.16
3686.9,8.625,0.051,0.195,5.149,4.779,276.484,0.243,0.167
3687,8.625,0.05,0.197,5.14,4.826,226.13,0.243,0.176
3687.1,8.625,0.049,0.198,5.145,4.846,207.419,0.242,0.18
3687.2,8.625,0.048,0.199,5.163,4.882,220.286,0.243,0.178
3687.3,8.625,0.048,0.199,5.194,4.941,288.872,0.243,0.165
3687.4,8.625,0.049,0.199,5.221,4.997,303.021,0.244,0.163
3687.5,8.625,0.051,0.199,5.223,5.026,347.107,0.245,0.158
3687.6,8.625,0.051,0.199,5.195,5.055,327.533,0.246,0.161
3687.7,8.625,0.049,0.2,5.15,5.058,300.854,0.246,0.165
3687.8,8.625,0.048,0.202,5.104,5.053,352.315,0.244,0.156
3687.9,8.625,0.048,0.204,5.074,5.048,347.836,0.244,0.157
3688,8.625,0.048,0.205,5.069,5.042,356.768,0.243,0.154
3688.1,8.625,0.049,0.205,5.094,5.031,289.502,0.242,0.164
3688.2,8.625,0.049,0.205,5.142,4.979,294.281,0.242,0.163
3688.3,8.625,0.049,0.205,5.188,4.86,296.127,0.243,0.163
3688.4,8.625,0.048,0.204,5.21,4.766,325.57,0.244,0.16
3688.5,8.602,0.047,0.205,5.207,4.673,381.783,0.245,0.153
3688.6,8.602,0.046,0.2,5.198,4.642,337.698,0.244,0.158
3688.7,8.625,0.046,0.201,5.203,4.678,347.494,0.242,0.155
3688.8,8.625,0.047,0.203,5.22,4.755,384.425,0.241,0.149
3688.9,8.625,0.049,0.206,5.236,4.911,416.759,0.242,0.146
3689,8.625,0.05,0.209,5.247,5.083,478.599,0.244,0.141
3689.1,8.625,0.051,0.208,5.258,5.098,419.733,0.245,0.149
3689.2,8.625,0.052,0.206,5.273,5.077,456.75,0.247,0.146
3689.3,8.625,0.052,0.202,5.286,5.139,437.512,0.248,0.149
3689.4,8.625,0.052,0.199,5.284,5.228,378.736,0.247,0.155
3689.5,8.625,0.051,0.199,5.263,5.265,360.056,0.245,0.156
3689.6,8.625,0.049,0.199,5.232,5.307,387.062,0.245,0.153
3689.7,8.625,0.048,0.199,5.2,5.342,326.511,0.245,0.161
3689.8,8.625,0.047,0.198,5.173,5.357,239.467,0.244,0.175
3689.9,8.625,0.046,0.196,5.159,5.338,236.534,0.242,0.173
3690,8.625,0.043,0.194,5.169,5.314,222.493,0.237,0.172
3690.1,8.625,0.04,0.193,5.213,5.312,165.713,0.231,0.181
3690.2,8.625,0.037,0.192,5.286,5.341,159.382,0.225,0.177
3690.3,8.625,0.036,0.191,5.364,5.357,129.835,0.218,0.181
3690.4,8.625,0.037,0.189,5.432,5.365,97.384,0.218,0.195
3690.5,8.625,0.039,0.187,5.495,5.372,105.6,0.22,0.193
3690.6,8.625,0.041,0.185,5.556,5.395,91.51,0.224,0.204
3690.7,8.602,0.044,0.182,5.607,5.422,79.998,0.229,0.214
3690.8,8.625,0.048,0.18,5.64,5.44,66.206,0.232,0.226
3690.9,8.625,0.052,0.18,5.646,5.446,47.698,0.234,0.243
3691,8.625,0.054,0.183,5.637,5.447,40.851,0.234,0.252
3691.1,8.625,0.054,0.188,5.624,5.438,38.201,0.234,0.254
3691.2,8.625,0.053,0.193,5.62,5.419,39.035,0.235,0.255
3691.3,8.609,0.052,0.197,5.626,5.389,43.202,0.238,0.252
3691.4,8.578,0.053,0.204,5.639,5.36,37.542,0.239,0.26
3691.5,8.602,0.054,0.205,5.641,5.333,49.819,0.241,0.248
3691.6,8.609,0.055,0.207,5.617,5.274,65.066,0.244,0.238
3691.7,8.578,0.056,0.211,5.578,5.204,68.212,0.247,0.238
3691.8,8.578,0.056,0.212,5.537,5.134,57.072,0.248,0.248
3691.9,8.578,0.056,0.214,5.507,5.087,47.781,0.248,0.256
3692,8.594,0.054,0.214,5.496,5.076,46.066,0.248,0.258
3692.1,8.578,0.052,0.213,5.504,5.092,45.317,0.249,0.259
3692.2,8.625,0.05,0.21,5.525,5.085,46.54,0.25,0.259
3692.3,8.625,0.049,0.209,5.539,5.049,40.088,0.25,0.266
3692.4,8.578,0.049,0.211,5.539,5.003,40.345,0.25,0.266
3692.5,8.578,0.049,0.211,5.523,4.973,42.797,0.25,0.263
3692.6,8.578,0.049,0.21,5.488,4.974,46.472,0.25,0.26
3692.7,8.578,0.049,0.212,5.441,4.984,36.827,0.251,0.271
3692.8,8.578,0.049,0.216,5.398,4.981,30.332,0.252,0.281
3692.9,8.563,0.049,0.221,5.375,4.946,31.72,0.253,0.28
3693,8.594,0.049,0.221,5.374,4.908,26.576,0.255,0.29
3693.1,8.625,0.051,0.218,5.392,4.856,26.396,0.257,0.292
3693.2,8.583,0.052,0.221,5.422,4.813,42.91,0.258,0.27
3693.3,8.602,0.052,0.215,5.446,4.782,48.003,0.258,0.265
3693.4,8.578,0.052,0.216,5.453,4.745,38.724,0.258,0.275
3693.5,8.578,0.052,0.217,5.442,4.7,41.363,0.255,0.269
3693.6,8.602,0.052,0.218,5.419,4.67,37.35,0.254,0.273
3693.7,8.594,0.051,0.22,5.397,4.647,25.341,0.254,0.292
3693.8,8.578,0.049,0.222,5.381,4.636,19.494,0.253,0.304
3693.9,8.625,0.048,0.22,5.382,4.609,19.786,0.254,0.304
3694,8.625,0.048,0.221,5.406,4.566,18.662,0.255,0.307
3694.1,8.625,0.049,0.221,5.449,4.533,17.416,0.255,0.311
3694.2,8.625,0.05,0.22,5.486,4.524,17.732,0.253,0.308
3694.3,8.672,0.05,0.216,5.499,4.513,18.915,0.252,0.304
3694.4,8.648,0.049,0.216,5.484,4.506,15.889,0.249,0.31
3694.5,8.625,0.048,0.215,5.448,4.499,20.582,0.246,0.295
3694.6,8.625,0.046,0.215,5.402,4.483,21.61,0.244,0.291
3694.7,8.625,0.044,0.217,5.359,4.452,21.05,0.242,0.295
3694.8,8.625,0.043,0.219,5.327,4.41,18.142,0.216,0.424
3694.9,8.625,0.043,0.221,5.308,4.36,15.234,0.201,0.406
3695,8.648,0.044,0.219,5.294,4.324,12.327,0.181,0.414
3695.1,8.625,0.044,0.22,5.279,4.3,9.419,0.157,0.449
3695.2,8.625,0.045,0.217,5.27,4.274,2.118,0.133,0.464
3695.3,8.625,0.046,0.214,5.274,4.24,0.435,0.11,0.445
3695.4,8.625,0.047,0.212,5.286,4.213,0.099,0.089,0.428
3695.5,8.625,0.047,0.213,5.294,4.182,0.024,0.071,0.439
3695.6,8.625,0.046,0.215,5.293,4.118,0.01,0.058,0.433
3695.7,8.625,0.045,0.216,5.295,4.048,0.007,0.052,0.425
3695.8,8.625,0.044,0.214,5.306,3.988,0.006,0.051,0.423
3695.9,8.625,0.045,0.212,5.324,3.944,0.007,0.053,0.414
3696,8.625,0.046,0.212,5.341,3.916,0.01,0.055,0.388
3696.1,8.625,0.047,0.216,5.357,3.869,0.015,0.059,0.357
3696.2,8.625,0.047,0.222,5.375,3.57,0.024,0.064,0.342
3696.3,8.672,0.048,0.226,5.396,3.561,0.042,0.072,0.336
3696.4,8.648,0.049,0.231,5.426,3.535,0.084,0.08,0.319
3696.5,8.625,0.05,0.235,5.466,3.493,0.172,0.089,0.3
3696.6,8.625,0.051,0.233,5.501,3.449,0.325,0.096,0.278
3696.7,8.625,0.05,0.229,5.515,3.392,0.573,0.102,0.258
3696.8,8.625,0.048,0.226,5.501,3.317,1.102,0.109,0.226
3696.9,8.625,0.045,0.224,5.486,3.214,2.17,0.116,0.196
3697,8.625,0.044,0.223,5.501,3.123,3.815,0.122,0.163
3697.1,8.625,0.044,0.221,5.542,3.046,4.588,0.124,0.152
3697.2,8.625,0.044,0.218,5.594,2.992,4.025,0.123,0.157
3697.3,8.625,0.043,0.214,5.635,2.921,3.331,0.12,0.158
3697.4,8.625,0.042,0.211,5.663,2.809,2.787,0.118,0.164
3697.5,8.672,0.044,0.208,5.681,2.736,2.287,0.116,0.175
3697.6,8.625,0.047,0.216,5.672,2.603,1.682,0.113,0.196
3697.7,8.625,0.051,0.224,5.624,2.459,1.252,0.11,0.209
3697.8,8.625,0.053,0.231,5.546,2.368,1.042,0.108,0.216
3697.9,8.625,0.053,0.235,5.477,2.194,0.999,0.108,0.221
3698,8.625,0.051,0.235,5.453,2.021,1.088,0.108,0.213
3698.1,8.625,0.049,0.234,5.472,1.867,1.236,0.109,0.198
3698.2,8.625,0.049,0.234,5.507,1.733,1.297,0.109,0.189
3698.3,8.648,0.049,0.232,5.538,1.624,1.28,0.108,0.179
3698.4,8.648,0.05,0.234,5.568,1.484,1.231,0.108,0.176
3698.5,8.641,0.051,0.237,5.603,1.414,1.324,0.108,0.166
3698.6,8.672,0.052,0.234,5.62,1.328,1.528,0.109,0.159
3698.7,8.672,0.051,0.234,5.601,1.338,1.606,0.111,0.164
3698.8,8.672,0.05,0.235,5.559,1.374,1.384,0.109,0.178
3698.9,8.625,0.049,0.238,5.539,1.399,1.013,0.105,0.186
3699,8.625,0.049,0.238,5.582,1.426,0.608,0.1,0.206
3699.1,8.672,0.049,0.237,5.626,1.421,0.315,0.093,0.231
3699.2,8.672,0.049,0.237,5.674,1.441,0.142,0.083,0.258
3699.3,8.656,0.048,0.236,5.688,1.464,0.059,0.073,0.286
3699.4,8.648,0.048,0.238,5.675,1.51,0.028,0.064,0.295
3699.5,8.625,0.048,0.239,5.652,1.571,0.016,0.057,0.317
3699.6,8.672,0.047,0.238,5.624,1.596,0.011,0.054,0.353
3699.7,8.672,0.047,0.24,5.592,1.604,0.01,0.054,0.361
3699.8,8.672,0.046,0.242,5.568,1.6,0.009,0.054,0.394
3699.9,8.648,0.046,0.242,5.578,1.581,0.008,0.054,0.417
3700,8.672,0.047,0.243,5.631,1.575,0.009,0.056,0.407
3700.1,8.672,0.048,0.243,5.715,1.576,0.012,0.058,0.387
3700.2,8.672,0.049,0.243,5.797,1.567,0.019,0.062,0.353
3700.3,8.672,0.049,0.244,5.853,1.493,0.032,0.067,0.322
3700.4,8.672,0.048,0.245,5.879,1.425,0.054,0.073,0.31
3700.5,8.656,0.047,0.245,5.883,1.371,0.081,0.08,0.323
3700.6,8.625,0.046,0.246,5.867,1.338,0.099,0.084,0.349
3700.7,8.648,0.045,0.241,5.836,1.294,0.105,0.085,0.354
3700.8,8.672,0.043,0.24,5.802,1.271,0.086,0.083,0.361
3700.9,8.648,0.042,0.245,5.782,1.21,0.055,0.078,0.37
3701,8.641,0.04,0.246,5.773,1.126,0.032,0.07,0.367
3701.1,8.672,0.04,0.251,5.764,1.063,0.023,0.065,0.352
3701.2,8.648,0.042,0.254,5.743,0.996,0.021,0.063,0.351
3701.3,8.641,0.043,0.259,5.711,0.968,0.025,0.066,0.35
3701.4,8.648,0.045,0.256,5.692,1.005,0.039,0.07,0.319
3701.5,8.625,0.048,0.256,5.706,1.104,0.059,0.076,0.324
3701.6,8.625,0.049,0.253,5.756,1.18,0.091,0.083,0.343
3701.7,8.656,0.049,0.246,5.833,1.247,0.133,0.089,0.365
3701.8,8.672,0.048,0.243,5.923,1.277,0.161,0.094,0.395
3701.9,8.672,0.047,0.241,6.014,1.269,0.204,0.096,0.386
3702,8.703,0.046,0.233,6.09,1.295,0.25,0.098,0.375
3702.1,8.703,0.044,0.222,6.144,1.418,0.309,0.101,0.368
3702.2,8.703,0.043,0.204,6.18,1.61,0.439,0.104,0.347
3702.3,8.703,0.042,0.184,6.204,2.003,0.745,0.11,0.325
3702.4,8.75,0.042,0.161,6.21,3.15,1.448,0.119,0.316
3702.5,8.75,0.046,0.145,6.171,4.315,2.756,0.128,0.33
3702.6,8.719,0.052,0.135,6.074,4.698,3.678,0.135,0.382
3702.7,8.703,0.061,0.124,5.939,4.548,3.308,0.137,0.431
3702.8,8.727,0.07,0.113,5.817,4.25,2.115,0.133,0.463
3702.9,8.75,0.076,0.108,5.744,4.028,1.255,0.125,0.458
3703,8.719,0.079,0.107,5.711,4.028,0.657,0.117,0.47
3703.1,8.703,0.079,0.105,5.69,4.086,0.384,0.111,0.481
3703.2,8.703,0.079,0.104,5.658,4.085,0.282,0.106,0.479
3703.3,8.703,0.077,0.103,5.625,4.142,0.272,0.105,0.456
3703.4,8.693,0.075,0.107,5.621,4.221,0.343,0.105,0.408
3703.5,8.688,0.074,0.109,5.663,4.273,0.479,0.106,0.36
3703.6,8.703,0.074,0.114,5.732,4.36,0.713,0.108,0.308
3703.7,8.703,0.078,0.121,5.788,4.437,0.897,0.11,0.286
3703.8,8.734,0.083,0.123,5.807,4.277,1.07,0.111,0.268
3703.9,8.75,0.087,0.126,5.797,3.871,1.235,0.113,0.269
3704,8.75,0.085,0.125,5.807,3.591,1.662,0.117,0.27
3704.1,8.75,0.076,0.121,5.872,2.829,2.471,0.123,0.272
3704.2,8.75,0.063,0.118,5.969,2.775,3.474,0.128,0.274
3704.3,8.727,0.053,0.118,6.028,3.686,3.674,0.13,0.301
3704.4,8.727,0.049,0.115,5.99,2.887,2.76,0.129,0.346
3704.5,8.703,0.052,0.12,5.891,2.069,1.47,0.123,0.391
3704.6,8.703,0.057,0.121,5.811,1.89,0.524,0.112,0.435
3704.7,8.703,0.062,0.123,5.778,1.871,0.137,0.097,0.482
3704.8,8.703,0.065,0.125,5.761,1.837,0.029,0.081,0.559
3704.9,8.687,0.067,0.129,5.715,1.779,0.007,0.067,0.658
3705,8.672,0.069,0.131,5.64,2,0.002,0.056,0.766
3705.1,8.703,0.068,0.128,5.536,2.621,0.001,0.048,0.843
3705.2,8.75,0.067,0.121,5.398,3.131,0.001,0.042,0.916
3705.3,8.75,0.067,0.114,5.25,3.171,0.001,0.036,0.933
3705.4,8.703,0.069,0.109,5.151,2.651,0.001,0.032,0.923
3705.5,8.703,0.072,0.102,5.134,2.198,0.001,0.031,0.886
3705.6,8.703,0.075,0.099,5.181,2.087,0.001,0.031,0.799
3705.7,8.75,0.076,0.095,5.228,1.978,0.001,0.032,0.709
3705.8,8.687,0.074,0.1,5.239,1.867,0.001,0.031,0.659
3705.9,8.672,0.07,0.099,5.222,1.89,0.001,0.027,0.617
3706,8.672,0.066,0.098,5.209,1.835,0.001,0.023,0.596
3706.1,8.672,0.061,0.096,5.215,1.832,0.001,0.021,0.603
3706.2,8.672,0.057,0.095,5.239,1.973,0.001,0.021,0.621
3706.3,8.727,0.055,0.09,5.286,2.118,0.001,0.024,0.637
3706.4,8.75,0.056,0.091,5.354,2.297,0.001,0.025,0.636
3706.5,8.75,0.06,0.096,5.427,2.446,0.001,0.024,0.67
3706.6,8.703,0.066,0.099,5.49,2.634,0.001,0.022,0.71
3706.7,8.703,0.069,0.104,5.539,2.794,0.001,0.021,0.764
3706.8,8.703,0.07,0.109,5.575,3.017,0.001,0.024,0.781
3706.9,8.703,0.07,0.116,5.602,3.141,0.001,0.029,0.796
3707,8.703,0.07,0.122,5.623,3.106,0.001,0.033,0.824
3707.1,8.703,0.072,0.129,5.632,2.982,0.001,0.038,0.824
3707.2,8.703,0.076,0.133,5.621,2.894,0.001,0.045,0.817
3707.3,8.688,0.08,0.137,5.585,2.854,0.002,0.054,0.776
3707.4,8.703,0.084,0.133,5.533,2.773,0.004,0.065,0.753
3707.5,8.719,0.087,0.131,5.493,2.542,0.01,0.075,0.716
3707.6,8.703,0.087,0.128,5.484,2.277,0.019,0.082,0.67
3707.7,8.703,0.081,0.126,5.506,2.207,0.026,0.085,0.645
3707.8,8.703,0.074,0.124,5.533,2.345,0.03,0.084,0.611
3707.9,8.715,0.067,0.118,5.542,2.794,0.034,0.084,0.576
3708,8.703,0.063,0.119,5.53,3.34,0.042,0.085,0.548
3708.1,8.693,0.063,0.12,5.509,3.636,0.056,0.087,0.521
3708.2,8.703,0.067,0.118,5.497,3.453,0.071,0.09,0.515
3708.3,8.703,0.074,0.119,5.497,3.259,0.081,0.092,0.521
3708.4,8.734,0.08,0.116,5.498,3.172,0.088,0.094,0.537
3708.5,8.703,0.083,0.121,5.489,2.894,0.092,0.097,0.565
3708.6,8.703,0.084,0.124,5.478,2.504,0.097,0.098,0.583
3708.7,8.688,0.082,0.132,5.484,2.15,0.084,0.099,0.619
3708.8,8.688,0.078,0.136,5.514,1.886,0.072,0.098,0.634
3708.9,8.719,0.073,0.141,5.554,1.913,0.062,0.097,0.648
3709,8.703,0.069,0.143,5.585,2.093,0.049,0.095,0.681
3709.1,8.703,0.067,0.143,5.603,2.152,0.033,0.093,0.727
3709.2,8.703,0.067,0.141,5.613,1.89,0.02,0.089,0.778
3709.3,8.703,0.068,0.14,5.591,1.459,0.012,0.086,0.831
3709.4,8.672,0.071,0.141,5.508,1.189,0.008,0.083,0.87
3709.5,8.672,0.073,0.143,5.376,0.85,0.007,0.081,0.891
3709.6,8.672,0.072,0.146,5.249,0.707,0.005,0.082,0.934
3709.7,8.648,0.069,0.15,5.193,0.618,0.005,0.083,0.959
3709.8,8.625,0.063,0.156,5.225,0.634,0.005,0.084,0.982
3709.9,8.625,0.059,0.156,5.322,0.738,0.006,0.084,0.972
3710,8.625,0.057,0.154,5.439,0.871,0.006,0.083,0.942
3710.1,8.625,0.056,0.151,5.543,1.136,0.005,0.08,0.922
3710.2,8.672,0.058,0.145,5.621,1.332,0.005,0.076,0.872
3710.3,8.672,0.06,0.14,5.653,1.301,0.005,0.073,0.824
3710.4,8.672,0.062,0.134,5.621,1.312,0.005,0.071,0.784
3710.5,8.672,0.064,0.127,5.528,1.417,0.005,0.069,0.756
3710.6,8.672,0.066,0.121,5.405,1.564,0.005,0.068,0.753
3710.7,8.703,0.068,0.116,5.29,1.593,0.003,0.063,0.765
3710.8,8.703,0.069,0.115,5.198,1.505,0.002,0.055,0.754
3710.9,8.648,0.069,0.121,5.132,1.327,0.001,0.044,0.725
3711,8.625,0.071,0.123,5.092,1.101,0.001,0.034,0.711
3711.1,8.625,0.073,0.126,5.086,1.068,0.001,0.028,0.691
3711.2,8.648,0.074,0.125,5.117,0.996,0.001,0.026,0.67
3711.3,8.672,0.073,0.124,5.163,0.949,0.001,0.028,0.652
3711.4,8.672,0.07,0.12,5.209,0.698,0.001,0.031,0.642
3711.5,8.625,0.066,0.117,5.259,0.728,0.001,0.031,0.607
3711.6,8.649,0.062,0.107,5.332,0.902,0.001,0.025,0.526
3711.7,8.703,0.059,0.099,5.44,1.392,0.001,0.016,0.497
3711.8,8.75,0.058,0.092,5.574,1.78,0.001,0.007,0.506
3711.9,8.75,0.061,0.09,5.693,1.886,0.001,0.006,0.644
3712,8.727,0.064,0.094,5.771,2.026,0.001,0.019,0.645
3712.1,8.687,0.066,0.099,5.8,2.388,0.001,0.031,0.698
3712.2,8.672,0.067,0.104,5.804,2.768,0.001,0.045,0.772
3712.3,8.672,0.068,0.112,5.812,3.093,0.002,0.06,0.838
3712.4,8.672,0.07,0.122,5.824,3.262,0.005,0.074,0.856
3712.5,8.672,0.073,0.131,5.832,3.262,0.009,0.083,0.861
3712.6,8.672,0.076,0.138,5.839,3.328,0.014,0.089,0.853
3712.7,8.687,0.077,0.139,5.861,3.386,0.018,0.093,0.857
3712.8,8.672,0.075,0.14,5.911,3.4,0.019,0.095,0.888
3712.9,8.703,0.069,0.14,5.977,3.445,0.02,0.096,0.886
3713,8.703,0.064,0.141,6.032,3.472,0.023,0.096,0.859
3713.1,8.672,0.062,0.146,6.058,3.558,0.027,0.097,0.837
3713.2,8.672,0.064,0.153,6.052,3.537,0.034,0.1,0.841
3713.3,8.672,0.068,0.162,6.032,3.549,0.052,0.105,0.817
3713.4,8.672,0.071,0.173,6.023,3.603,0.077,0.108,0.786
3713.5,8.687,0.072,0.182,6.025,3.635,0.107,0.11,0.742
3713.6,8.672,0.072,0.194,6.024,3.672,0.136,0.111,0.702
3713.7,8.672,0.072,0.206,6.001,3.709,0.177,0.111,0.652
3713.8,8.672,0.073,0.219,5.959,3.642,0.19,0.111,0.64
3713.9,8.672,0.073,0.231,5.911,3.684,0.179,0.11,0.638
3714,8.672,0.071,0.239,5.862,3.663,0.145,0.107,0.633
3714.1,8.672,0.07,0.243,5.806,3.642,0.094,0.102,0.645
3714.2,8.672,0.071,0.245,5.727,3.605,0.058,0.097,0.673
3714.3,8.672,0.074,0.248,5.618,3.568,0.047,0.095,0.687
3714.4,8.672,0.076,0.254,5.501,3.534,0.05,0.097,0.706
3714.5,8.672,0.075,0.261,5.414,3.442,0.069,0.102,0.708
3714.6,8.672,0.072,0.268,5.376,3.316,0.102,0.106,0.698
3714.7,8.688,0.07,0.271,5.381,3.18,0.129,0.109,0.69
3714.8,8.703,0.069,0.272,5.408,3.059,0.146,0.11,0.679
3714.9,8.703,0.072,0.271,5.44,2.843,0.17,0.111,0.659
3715,8.75,0.076,0.265,5.483,2.586,0.205,0.113,0.648
3715.1,8.75,0.081,0.262,5.547,2.38,0.29,0.116,0.618
3715.2,8.727,0.084,0.262,5.635,2.221,0.357,0.119,0.623
3715.3,8.703,0.085,0.259,5.725,2.073,0.432,0.121,0.623
3715.4,8.703,0.084,0.255,5.782,1.904,0.483,0.123,0.631
3715.5,8.688,0.081,0.25,5.781,1.785,0.482,0.125,0.651
3715.6,8.727,0.077,0.244,5.726,1.759,0.519,0.125,0.642
3715.7,8.703,0.071,0.239,5.642,1.729,0.495,0.124,0.632
3715.8,8.75,0.067,0.229,5.578,1.671,0.376,0.12,0.64
3715.9,8.75,0.067,0.221,5.587,1.629,0.272,0.116,0.631
3716,8.75,0.069,0.216,5.669,1.595,0.166,0.109,0.636
3716.1,8.727,0.071,0.217,5.783,1.575,0.107,0.102,0.615
3716.2,8.703,0.072,0.218,5.879,1.628,0.053,0.094,0.649
3716.3,8.703,0.072,0.221,5.921,1.678,0.031,0.088,0.66
3716.4,8.703,0.072,0.222,5.925,1.74,0.018,0.083,0.691
3716.5,8.688,0.071,0.222,5.918,1.78,0.014,0.079,0.688
3716.6,8.703,0.071,0.221,5.916,1.807,0.012,0.077,0.684
3716.7,8.703,0.07,0.222,5.928,1.806,0.011,0.077,0.699
3716.8,8.703,0.068,0.224,5.944,1.812,0.013,0.079,0.698
3716.9,8.703,0.066,0.227,5.97,1.837,0.02,0.083,0.67
3717,8.703,0.063,0.231,6.001,1.868,0.035,0.087,0.617
3717.1,8.703,0.063,0.232,6.032,1.88,0.052,0.09,0.586
3717.2,8.703,0.063,0.234,6.062,1.875,0.078,0.093,0.536
3717.3,8.687,0.065,0.235,6.087,1.865,0.108,0.094,0.491
3717.4,8.672,0.067,0.234,6.133,1.845,0.122,0.096,0.494
3717.5,8.688,0.069,0.231,6.214,1.834,0.168,0.099,0.474
3717.6,8.703,0.068,0.231,6.334,1.842,0.231,0.104,0.474
3717.7,8.75,0.063,0.231,6.505,1.842,0.284,0.107,0.488
3717.8,8.703,0.056,0.239,6.757,1.829,0.301,0.108,0.491
3717.9,8.703,0.049,0.242,7.093,1.807,0.219,0.106,0.531
3718,8.727,0.046,0.237,7.447,1.797,0.163,0.103,0.548
3718.1,8.75,0.048,0.232,7.724,1.772,0.125,0.1,0.556
3718.2,8.727,0.054,0.229,7.832,1.782,0.087,0.097,0.575
3718.3,8.703,0.062,0.225,7.748,1.836,0.055,0.092,0.599
3718.4,8.703,0.066,0.225,7.548,1.861,0.034,0.087,0.631
3718.5,8.688,0.065,0.221,7.372,1.884,0.029,0.086,0.636
3718.6,8.703,0.06,0.219,7.312,1.914,0.028,0.086,0.656
3718.7,8.703,0.054,0.216,7.386,1.938,0.031,0.088,0.668
3718.8,8.703,0.049,0.213,7.57,1.929,0.036,0.091,0.67
3718.9,8.703,0.047,0.21,7.825,1.902,0.043,0.093,0.674
3719,8.703,0.046,0.209,8.087,1.857,0.054,0.097,0.693
3719.1,8.703,0.049,0.21,8.256,1.786,0.075,0.103,0.717
3719.2,8.703,0.057,0.214,8.245,1.739,0.131,0.11,0.697
3719.3,8.703,0.069,0.218,8.06,1.723,0.189,0.114,0.691
3719.4,8.703,0.078,0.223,7.813,1.725,0.235,0.116,0.673
3719.5,8.703,0.084,0.229,7.608,1.714,0.251,0.116,0.654
3719.6,8.703,0.088,0.236,7.438,1.627,0.225,0.114,0.655
3719.7,8.75,0.092,0.238,7.258,1.513,0.199,0.111,0.631
3719.8,8.766,0.093,0.236,7.076,1.42,0.176,0.108,0.607
3719.9,8.781,0.089,0.217,6.956,1.349,0.105,0.101,0.613
3720,8.781,0.083,0.226,6.92,1.301,0.05,0.093,0.636
3720.1,8.781,0.079,0.221,6.924,1.255,0.024,0.084,0.652
3720.2,8.75,0.076,0.22,6.886,1.173,0.015,0.078,0.649
3720.3,8.75,0.073,0.217,6.773,1.122,0.011,0.075,0.679
3720.4,8.703,0.068,0.216,6.607,1.078,0.012,0.076,0.688
3720.5,8.703,0.066,0.21,6.44,1.062,0.014,0.08,0.71
3720.6,8.703,0.067,0.205,6.298,1.07,0.019,0.084,0.714
3720.7,8.703,0.069,0.203,6.191,1.116,0.027,0.089,0.709
3720.8,8.727,0.068,0.201,6.117,1.115,0.036,0.093,0.714
3720.9,8.75,0.066,0.204,6.087,1.094,0.046,0.097,0.724
3721,8.781,0.065,0.208,6.094,1.096,0.062,0.101,0.717
3721.1,8.75,0.065,0.215,6.129,1.11,0.09,0.104,0.682
3721.2,8.75,0.066,0.218,6.16,1.113,0.109,0.105,0.662
3721.3,8.75,0.067,0.217,6.171,1.113,0.1,0.104,0.669
3721.4,8.727,0.066,0.218,6.186,1.113,0.081,0.101,0.667
3721.5,8.703,0.065,0.216,6.259,1.111,0.068,0.097,0.636
3721.6,8.703,0.065,0.213,6.423,1.105,0.051,0.092,0.613
3721.7,8.75,0.066,0.207,6.644,1.09,0.031,0.085,0.624
3721.8,8.75,0.069,0.204,6.829,1.067,0.017,0.079,0.643
3721.9,8.781,0.072,0.202,6.885,1.027,0.009,0.071,0.649
3722,8.75,0.074,0.203,6.818,0.988,0.005,0.061,0.632
3722.1,8.75,0.072,0.204,6.705,0.986,0.002,0.046,0.635
3722.2,8.727,0.07,0.208,6.607,0.996,0.001,0.028,0.624
3722.3,8.703,0.069,0.208,6.544,1.017,0.001,0.009,0.626
3722.4,8.75,0.069,0.206,6.506,1.037,0.001,0.007,0.413
3722.5,8.75,0.071,0.205,6.494,1.051,0.001,0.014,0.397
3722.6,8.781,0.073,0.2,6.501,1.042,0.001,0.02,0.387
3722.7,8.781,0.075,0.195,6.512,1.013,0.001,0.025,0.376
3722.8,8.781,0.077,0.188,6.5,0.982,0.001,0.028,0.381
3722.9,8.734,0.078,0.188,6.441,0.982,0.001,0.027,0.402
3723,8.727,0.076,0.182,6.341,1.02,0.001,0.024,0.415
3723.1,8.75,0.074,0.182,6.225,1.054,0.001,0.019,0.41
